<?xml version="1.0" encoding="UTF-8"?>
<services xmlns="http://www.demandware.com/xml/impex/services/2014-09-26">

    <service-credential service-credential-id="ConversionDetailReport">
        <url>https://apitest.cybersource.com/reporting/v3/conversion-details</url>
        <user-id></user-id>
        <password encrypted="true" encryption-type="common.export"></password>
    </service-credential>

    <service-credential service-credential-id="CybersourceService">
        <url></url>
        <user-id></user-id>
        <password encrypted="true" encryption-type="common.export"></password>
    </service-credential>

    <service-credential service-credential-id="CybersourceFlexToken">
        <url>https://apitest.cybersource.com/flex/v1/keys</url>
        <user-id></user-id>
        <password encrypted="true" encryption-type="common.export"></password>
    </service-credential>

    <service-profile service-profile-id="CybersourceProfile">
        <timeout-millis>30000</timeout-millis>
        <rate-limit-enabled>false</rate-limit-enabled>
        <rate-limit-calls>0</rate-limit-calls>
        <rate-limit-millis>0</rate-limit-millis>
        <cb-enabled>false</cb-enabled>
        <cb-calls>0</cb-calls>
        <cb-millis>0</cb-millis>
    </service-profile>

    <service service-id="cybersource.conversiondetailreport">
        <service-type>HTTP</service-type>
        <enabled>true</enabled>
        <log-prefix>Cybersource</log-prefix>
        <comm-log-enabled>false</comm-log-enabled>
        <mock-mode-enabled>false</mock-mode-enabled>
        <profile-id>CybersourceProfile</profile-id>
        <credential-id>ConversionDetailReport</credential-id>
    </service>

    <service service-id="cybersource.soap.transactionprocessor.generic">
        <service-type>SOAP</service-type>
        <enabled>true</enabled>
        <log-prefix>Cybersource</log-prefix>
        <comm-log-enabled>false</comm-log-enabled>
        <mock-mode-enabled>false</mock-mode-enabled>
        <profile-id>CybersourceProfile</profile-id>
        <credential-id>CybersourceService</credential-id>
    </service>

    <service service-id="cybersource.http.flextoken">
        <service-type>HTTP</service-type>
        <enabled>true</enabled>
        <log-prefix>Cybersource</log-prefix>
        <comm-log-enabled>true</comm-log-enabled>
        <force-prd-enabled>false</force-prd-enabled>
        <mock-mode-enabled>false</mock-mode-enabled>
        <profile-id>CybersourceProfile</profile-id>
        <credential-id>CybersourceFlexToken</credential-id>
    </service>

</services>
