<?xml version="1.0" encoding="UTF-8"?>
<metadata xmlns="http://www.demandware.com/xml/impex/metadata/2006-10-31">
    <type-extension type-id="SitePreferences">
        <custom-attribute-definitions>
			<attribute-definition attribute-id="Flex_Microform_DateLocale">
                <display-name xml:lang="x-default">Flex Microform DateLocale</display-name>
                <type>string</type>
                <mandatory-flag>false</mandatory-flag>
                <externally-managed-flag>false</externally-managed-flag>
                <min-length>0</min-length>
                <default-value>en_US</default-value>
            </attribute-definition>
            <attribute-definition attribute-id="Flex_Microform_HostName">
                <display-name xml:lang="x-default">Flex Microform HostName</display-name>
                <type>string</type>
                <mandatory-flag>false</mandatory-flag>
                <externally-managed-flag>false</externally-managed-flag>
                <min-length>0</min-length>
            </attribute-definition>
            <attribute-definition attribute-id="Flex_Microform_KeyID">
                <display-name xml:lang="x-default">Flex Microform KeyID</display-name>
                <type>string</type>
                <mandatory-flag>false</mandatory-flag>
                <externally-managed-flag>false</externally-managed-flag>
                <min-length>0</min-length>
            </attribute-definition>
            <attribute-definition attribute-id="Flex_Microform_SharedSecret">
                <display-name xml:lang="x-default">Flex Microform SharedSecret</display-name>
                <type>string</type>
                <mandatory-flag>false</mandatory-flag>
                <externally-managed-flag>false</externally-managed-flag>
                <min-length>0</min-length>
            </attribute-definition>
        </custom-attribute-definitions>
        <group-definitions>
			<attribute-group group-id="CyberSource_FlexMicroform">
                <display-name xml:lang="x-default">CyberSource FlexMicroform</display-name>
                <attribute attribute-id="Flex_Microform_SharedSecret"/>
                <attribute attribute-id="Flex_Microform_HostName"/>
                <attribute attribute-id="Flex_Microform_DateLocale"/>
                <attribute attribute-id="Flex_Microform_KeyID"/>
            </attribute-group>
        </group-definitions>
    </type-extension>
</metadata>