<?xml version="1.0" encoding="UTF-8"?>
<metadata xmlns="http://www.demandware.com/xml/impex/metadata/2006-10-31">
    <type-extension type-id="SitePreferences">
        <custom-attribute-definitions>
			<attribute-definition attribute-id="SAPostCustomerServiceEmail">
                <display-name xml:lang="x-default">SAPostCustomerServiceEmail</display-name>
                <description xml:lang="x-default">Secure Acceptance Post Job Customer Service Email</description>
                <type>string</type>
                <mandatory-flag>false</mandatory-flag>
                <externally-managed-flag>false</externally-managed-flag>
                <min-length>0</min-length>
                <field-length>100</field-length>
            </attribute-definition>
            <attribute-definition attribute-id="SA_Iframe_AccessKey">
                <display-name xml:lang="x-default">Secure Acceptance Iframe Access Key</display-name>
                <type>string</type>
                <mandatory-flag>false</mandatory-flag>
                <externally-managed-flag>false</externally-managed-flag>
                <min-length>0</min-length>
            </attribute-definition>
            <attribute-definition attribute-id="SA_Iframe_ProfileID">
                <display-name xml:lang="x-default">Secure Acceptance Iframe Profile ID</display-name>
                <type>string</type>
                <mandatory-flag>false</mandatory-flag>
                <externally-managed-flag>false</externally-managed-flag>
                <min-length>0</min-length>
            </attribute-definition>
            <attribute-definition attribute-id="SA_Iframe_SecretKey">
                <display-name xml:lang="x-default">Secure Acceptance Iframe secret key</display-name>
                <type>string</type>
                <mandatory-flag>false</mandatory-flag>
                <externally-managed-flag>false</externally-managed-flag>
                <min-length>0</min-length>
            </attribute-definition>
            <attribute-definition attribute-id="SA_Redirect_AccessKey">
                <display-name xml:lang="x-default">Secure Acceptance Redirect Access Key</display-name>
                <type>string</type>
                <mandatory-flag>false</mandatory-flag>
                <externally-managed-flag>false</externally-managed-flag>
                <min-length>0</min-length>
            </attribute-definition>
            <attribute-definition attribute-id="SA_Redirect_ProfileID">
                <display-name xml:lang="x-default">Secure Aceeptance Redirect Profile ID</display-name>
                <type>string</type>
                <mandatory-flag>false</mandatory-flag>
                <externally-managed-flag>false</externally-managed-flag>
                <min-length>0</min-length>
            </attribute-definition>
            <attribute-definition attribute-id="SA_Redirect_SecretKey">
                <display-name xml:lang="x-default">Secure Acceptance Redirect Secret Key</display-name>
                <type>string</type>
                <mandatory-flag>false</mandatory-flag>
                <externally-managed-flag>false</externally-managed-flag>
                <min-length>0</min-length>
            </attribute-definition>
            <attribute-definition attribute-id="SA_Silent_AccessKey">
                <display-name xml:lang="x-default">Secure Acceptance Silent Post Access Key</display-name>
                <type>string</type>
                <mandatory-flag>false</mandatory-flag>
                <externally-managed-flag>false</externally-managed-flag>
                <min-length>0</min-length>
            </attribute-definition>
            <attribute-definition attribute-id="SA_Silent_ProfileID">
                <display-name xml:lang="x-default">Secure Aceeptance Silent Post Profile ID</display-name>
                <type>string</type>
                <mandatory-flag>false</mandatory-flag>
                <externally-managed-flag>false</externally-managed-flag>
                <min-length>0</min-length>
            </attribute-definition>
            <attribute-definition attribute-id="SA_Silent_SecretKey">
                <display-name xml:lang="x-default">Secure Acceptance Silent Post Secret Key</display-name>
                <type>string</type>
                <mandatory-flag>false</mandatory-flag>
                <externally-managed-flag>false</externally-managed-flag>
                <min-length>0</min-length>
            </attribute-definition>
            <attribute-definition attribute-id="Secure_Acceptance_Token_Create_Endpoint">
                <display-name xml:lang="x-default">Secure_Acceptance_Token_Create_Endpoint</display-name>
                <description xml:lang="x-default">Secure_Acceptance_Token_Create_Endpoint</description>
                <type>string</type>
                <mandatory-flag>false</mandatory-flag>
                <externally-managed-flag>false</externally-managed-flag>
                <min-length>0</min-length>
				<default-value>https://testsecureacceptance.cybersource.com/silent/token/create</default-value>
            </attribute-definition>
            <attribute-definition attribute-id="Secure_Acceptance_Token_Update_Endpoint">
                <display-name xml:lang="x-default">Secure_Acceptance_Token_Update_Endpoint</display-name>
                <description xml:lang="x-default">Secure_Acceptance_Token_Update_Endpoint</description>
                <type>string</type>
                <mandatory-flag>false</mandatory-flag>
                <externally-managed-flag>false</externally-managed-flag>
                <min-length>0</min-length>
				<default-value>https://testsecureacceptance.cybersource.com/silent/token/update</default-value>
            </attribute-definition>
			<attribute-definition attribute-id="CsSAOverrideBillingAddress">
                <display-name xml:lang="x-default">CyberSource Secure Acceptance Override Billing Address</display-name>
                <type>boolean</type>
                <mandatory-flag>false</mandatory-flag>
                <externally-managed-flag>false</externally-managed-flag>
                <default-value>false</default-value>
            </attribute-definition>
			<attribute-definition attribute-id="CsSAOverrideShippingAddress">
                <display-name xml:lang="x-default">CyberSource Secure Acceptance Override Shipping Address</display-name>
                <type>boolean</type>
                <mandatory-flag>false</mandatory-flag>
                <externally-managed-flag>false</externally-managed-flag>
                <default-value>false</default-value>
            </attribute-definition>
            <attribute-definition attribute-id="CsSARedirectFormAction">
                <display-name xml:lang="x-default">CyberSource secure acceptance redirect form action</display-name>
                <type>string</type>
                <mandatory-flag>false</mandatory-flag>
                <externally-managed-flag>false</externally-managed-flag>
                <min-length>0</min-length>
				<default-value>https://testsecureacceptance.cybersource.com/pay</default-value>
            </attribute-definition>
			<attribute-definition attribute-id="CsSAIframetFormAction">
                <display-name xml:lang="x-default">CyberSource secure acceptance Iframe form action</display-name>
                <type>string</type>
                <mandatory-flag>false</mandatory-flag>
                <externally-managed-flag>false</externally-managed-flag>
                <min-length>0</min-length>
				<default-value>https://testsecureacceptance.cybersource.com/embedded/pay</default-value>
            </attribute-definition>
			<attribute-definition attribute-id="SA_Iframe_AccessKey">
                <display-name xml:lang="x-default">Secure Acceptance Iframe Access Key</display-name>
                <type>string</type>
                <mandatory-flag>false</mandatory-flag>
                <externally-managed-flag>false</externally-managed-flag>
                <min-length>0</min-length>
            </attribute-definition>
            <attribute-definition attribute-id="SA_Iframe_ProfileID">
                <display-name xml:lang="x-default">Secure Acceptance Iframe Profile ID</display-name>
                <type>string</type>
                <mandatory-flag>false</mandatory-flag>
                <externally-managed-flag>false</externally-managed-flag>
                <min-length>0</min-length>
            </attribute-definition>
            <attribute-definition attribute-id="SA_Iframe_SecretKey">
                <display-name xml:lang="x-default">Secure Acceptance Iframe secret key</display-name>
                <type>string</type>
                <mandatory-flag>false</mandatory-flag>
                <externally-managed-flag>false</externally-managed-flag>
                <min-length>0</min-length>
            </attribute-definition>
			<attribute-definition attribute-id="Secure_Acceptance_Token_Create_Endpoint">
                <display-name xml:lang="x-default">Secure_Acceptance_Token_Create_Endpoint</display-name>
                <description xml:lang="x-default">Secure_Acceptance_Token_Create_Endpoint</description>
                <type>string</type>
                <mandatory-flag>false</mandatory-flag>
                <externally-managed-flag>false</externally-managed-flag>
                <min-length>0</min-length>
				<default-value>https://testsecureacceptance.cybersource.com/silent/token/create</default-value>
            </attribute-definition>
            <attribute-definition attribute-id="Secure_Acceptance_Token_Update_Endpoint">
                <display-name xml:lang="x-default">Secure_Acceptance_Token_Update_Endpoint</display-name>
                <description xml:lang="x-default">Secure_Acceptance_Token_Update_Endpoint</description>
                <type>string</type>
                <mandatory-flag>false</mandatory-flag>
                <externally-managed-flag>false</externally-managed-flag>
                <min-length>0</min-length>
				<default-value>https://testsecureacceptance.cybersource.com/silent/token/update</default-value>
            </attribute-definition>
			<attribute-definition attribute-id="CsCvnDeclineFlags">
                <display-name xml:lang="x-default">CyberSource Ignore CVN Result (CVN)</display-name>
                <type>boolean</type>
                <mandatory-flag>false</mandatory-flag>
                <externally-managed-flag>false</externally-managed-flag>
                <default-value>false</default-value>
            </attribute-definition>
        </custom-attribute-definitions>
        <group-definitions>
			<attribute-group group-id="CyberSource_SecureAcceptance">
                <display-name xml:lang="x-default">CyberSource Secure Acceptance</display-name>
                <attribute attribute-id="SAPostCustomerServiceEmail"/>
                <attribute attribute-id="SA_Redirect_ProfileID"/>
                <attribute attribute-id="SA_Redirect_SecretKey"/>
                <attribute attribute-id="SA_Redirect_AccessKey"/>
                <attribute attribute-id="SA_Silent_ProfileID"/>
                <attribute attribute-id="SA_Silent_SecretKey"/>
                <attribute attribute-id="SA_Silent_AccessKey"/>
                <attribute attribute-id="CsSAOverrideBillingAddress"/>
                <attribute attribute-id="CsSAOverrideShippingAddress"/>
                <attribute attribute-id="CsSARedirectFormAction"/>
                <attribute attribute-id="CsSAIframetFormAction"/>
                <attribute attribute-id="SA_Iframe_AccessKey"/>
                <attribute attribute-id="SA_Iframe_ProfileID"/>
                <attribute attribute-id="SA_Iframe_SecretKey"/>
                <attribute attribute-id="CsCvnDeclineFlags"/>
                <attribute attribute-id="Secure_Acceptance_Token_Update_Endpoint"/>
                <attribute attribute-id="Secure_Acceptance_Token_Create_Endpoint"/>
            </attribute-group>
        </group-definitions>
    </type-extension>
</metadata>