<?xml version="1.0" encoding="UTF-8"?>
<metadata xmlns="http://www.demandware.com/xml/impex/metadata/2006-10-31">
    <type-extension type-id="SitePreferences">
        <custom-attribute-definitions>
            <attribute-definition attribute-id="IsBankTransferDMEnabled">
                <display-name xml:lang="x-default">Decision Manager Enabled for Bank Transfer</display-name>
                <description xml:lang="x-default">Is Bank Transfer Decision Manager Enabled?</description>
                <type>boolean</type>
                <mandatory-flag>false</mandatory-flag>
                <externally-managed-flag>false</externally-managed-flag>
                <default-value>true</default-value>
            </attribute-definition>
            <attribute-definition attribute-id="csCardDecisionManagerEnable">
                <display-name xml:lang="x-default">Decision Manager Enabled for Credit Card and Visa CTP</display-name>
                <description xml:lang="x-default">Is Decision Manager Enabled for Credit Card and Visa CTP?</description>
                <type>boolean</type>
                <mandatory-flag>false</mandatory-flag>
                <externally-managed-flag>false</externally-managed-flag>
                <default-value>true</default-value>
            </attribute-definition>
        </custom-attribute-definitions>
        <group-definitions>
			<attribute-group group-id="Cybersource_DecisionManager">
                <display-name xml:lang="x-default">Cybersource: Decision Manager</display-name>
                <attribute attribute-id="IsBankTransferDMEnabled"/>
                <attribute attribute-id="csCardDecisionManagerEnable"/>
            </attribute-group>
        </group-definitions>
    </type-extension>
</metadata>
