<?xml version="1.0" encoding="UTF-8"?>
<metadata xmlns="http://www.demandware.com/xml/impex/metadata/2006-10-31">
    <type-extension type-id="SitePreferences">
        <custom-attribute-definitions>
			  <attribute-definition attribute-id="CsAvsDeclineFlags">
                <display-name xml:lang="x-default">CyberSource AVS Decline Flags (AVS)</display-name>
                <type>string</type>
                <mandatory-flag>false</mandatory-flag>
                <externally-managed-flag>false</externally-managed-flag>
                <min-length>0</min-length>
            </attribute-definition>
            <attribute-definition attribute-id="CsAvsIgnoreResult">
                <display-name xml:lang="x-default">CyberSource Ignore AVS Result (AVS)</display-name>
                <type>boolean</type>
                <mandatory-flag>false</mandatory-flag>
                <externally-managed-flag>false</externally-managed-flag>
                <default-value>false</default-value>
            </attribute-definition>
            <attribute-definition attribute-id="CsCorrectShipState">
                <display-name xml:lang="x-default">CyberSource correct shipping state</display-name>
                <type>boolean</type>
                <mandatory-flag>false</mandatory-flag>
                <externally-managed-flag>false</externally-managed-flag>
                <default-value>false</default-value>
            </attribute-definition>
            <attribute-definition attribute-id="CsDavEnable">
                <display-name xml:lang="x-default">CyberSource - Enable Delivery Address Verification</display-name>
                <description xml:lang="x-default">This will enable Delivery Address Verification, to help minimize risk of undeliverable or returns orders, because of user data entry errors.</description>
                <type>enum-of-string</type>
                <mandatory-flag>false</mandatory-flag>
                <externally-managed-flag>false</externally-managed-flag>
                <value-definitions>
                    <value-definition default="true">
                        <display xml:lang="x-default">YES</display>
                        <value>YES</value>
                    </value-definition>
                    <value-definition>
                        <display xml:lang="x-default">NO</display>
                        <value>NO</value>
                    </value-definition>
                </value-definitions>
            </attribute-definition>
            <attribute-definition attribute-id="CsDavOnAddressVerificationFailure">
                <display-name xml:lang="x-default">CyberSource - On Delivery Address Verification Failure</display-name>
                <description xml:lang="x-default">Prevent/enable authorization of payment if the DeliveryAddressVerification results in an error or rejection response.</description>
                <type>enum-of-string</type>
                <mandatory-flag>false</mandatory-flag>
                <externally-managed-flag>false</externally-managed-flag>
                <value-definitions>
                    <value-definition default="true">
                        <display xml:lang="x-default">DECLINE</display>
                        <value>DECLINE</value>
                    </value-definition>
                    <value-definition>
                        <display xml:lang="x-default">APPROVE</display>
                        <value>APPROVE</value>
                    </value-definition>
                </value-definitions>
            </attribute-definition>
            <attribute-definition attribute-id="CsDebugCybersource">
                <display-name xml:lang="x-default">Disable logging of CyberSource traces</display-name>
                <description xml:lang="x-default">Some trace information will be stored in the impex folder on the server with the order ID as the name</description>
                <type>boolean</type>
                <mandatory-flag>false</mandatory-flag>
                <externally-managed-flag>false</externally-managed-flag>
                <default-value>false</default-value>
            </attribute-definition>
            <attribute-definition attribute-id="CsDefaultProductTaxCode">
                <display-name xml:lang="x-default">CyberSource Default Product Tax Code (Tax)</display-name>
                <type>string</type>
                <mandatory-flag>false</mandatory-flag>
                <externally-managed-flag>false</externally-managed-flag>
                <min-length>0</min-length>
                <default-value>5310</default-value>
            </attribute-definition>
            <attribute-definition attribute-id="CsDeveloperID">
                <display-name xml:lang="x-default">CsDeveloperID</display-name>
                <type>string</type>
                <mandatory-flag>false</mandatory-flag>
                <externally-managed-flag>false</externally-managed-flag>
                <min-length>0</min-length>
                <field-length>8</field-length>
            </attribute-definition>
            <attribute-definition attribute-id="CsOrderImportLookBack">
                <display-name xml:lang="x-default">CS Decision Manager OrderUpdate Lookback time </display-name>
                <description xml:lang="x-default">Time, in hours to look back for new decisions when running the Decision Manager Order Update job.</description>
                <type>int</type>
                <mandatory-flag>false</mandatory-flag>
                <externally-managed-flag>false</externally-managed-flag>
                <min-value>0.0</min-value>
                <default-value>24</default-value>
            </attribute-definition>
            <attribute-definition attribute-id="CsDeviceFingerprintEnabled">
                <display-name xml:lang="x-default">CyberSource Device Fingeprint enabled</display-name>
                <description xml:lang="x-default">If enabled, a unique ID (fingerprint) of the customer's environment will be checked to detect spam / fraud.</description>
                <type>boolean</type>
                <mandatory-flag>false</mandatory-flag>
                <externally-managed-flag>false</externally-managed-flag>
                <default-value>false</default-value>
            </attribute-definition>
            <attribute-definition attribute-id="CsDeviceFingerprintJetmetrixLocation">
                <display-name xml:lang="x-default">Jetmetrix Location</display-name>
                <description xml:lang="x-default">Jetmetrix Location for Device fingerprint</description>
                <type>string</type>
                <mandatory-flag>false</mandatory-flag>
                <externally-managed-flag>false</externally-managed-flag>
                <min-length>0</min-length>
				<default-value>https://h.online-metrix.net</default-value>
            </attribute-definition>
            <attribute-definition attribute-id="CsDeviceFingerprintOrgId">
                <display-name xml:lang="x-default">CsDeviceFingerprintOrgId</display-name>
                <description xml:lang="x-default">Organization ID for the device fingerprint check.</description>
                <type>string</type>
                <mandatory-flag>false</mandatory-flag>
                <externally-managed-flag>false</externally-managed-flag>
                <min-length>0</min-length>
				<default-value>1snn5n9w</default-value>
            </attribute-definition>
            <attribute-definition attribute-id="CsDeviceFingerprintRedirectionType">
                <display-name xml:lang="x-default">Device Fingerprint Redirection</display-name>
                <description xml:lang="x-default">'none' for no redirection, 'static' for pipeline redirection, 'dynamic' for mapping-rule based redirection.  Mapping for Cybersource Device Fingerprint Service /fp/** p,,,Cybersource-RedirectFpLocation,,,Location,{_url}</description>
                <type>enum-of-string</type>
                <mandatory-flag>false</mandatory-flag>
                <externally-managed-flag>false</externally-managed-flag>
                <value-definitions>
                    <value-definition default="true">
                        <display xml:lang="x-default">none</display>
                        <value>none</value>
                    </value-definition>
                    <value-definition>
                        <display xml:lang="x-default">static</display>
                        <value>static</value>
                    </value-definition>
                    <value-definition>
                        <value>dynamic</value>
                    </value-definition>
                </value-definitions>
            </attribute-definition>
            <attribute-definition attribute-id="CsEnableTaxation">
                <display-name xml:lang="x-default">CyberSource Enable Taxation</display-name>
                <type>boolean</type>
                <mandatory-flag>false</mandatory-flag>
                <externally-managed-flag>false</externally-managed-flag>
                <default-value>false</default-value>
            </attribute-definition>
            <attribute-definition attribute-id="CsEndpoint">
                <display-name xml:lang="x-default">CyberSource Endpoint</display-name>
                <type>enum-of-string</type>
                <mandatory-flag>false</mandatory-flag>
                <externally-managed-flag>false</externally-managed-flag>
                <value-definitions>
                    <value-definition>
                        <display xml:lang="x-default">Production</display>
                        <value>Production</value>
                    </value-definition>
                    <value-definition default="true">
                        <display xml:lang="x-default">Test</display>
                        <value>Test</value>
                    </value-definition>
                    <value-definition>
                        <display xml:lang="x-default">Development</display>
                        <value>Development</value>
                    </value-definition>
                    <value-definition>
                        <display xml:lang="x-default">Missing</display>
                        <value>Missing</value>
                    </value-definition>
                </value-definitions>
            </attribute-definition>
            <attribute-definition attribute-id="CsMerchantId">
                <display-name xml:lang="x-default">CyberSource Merchant Id</display-name>
                <type>string</type>
                <mandatory-flag>false</mandatory-flag>
                <externally-managed-flag>false</externally-managed-flag>
                <min-length>0</min-length>
                <field-length>0</field-length>
                <field-height>0</field-height>
            </attribute-definition>
            <attribute-definition attribute-id="CsNexus">
                <display-name xml:lang="x-default">CyberSource Nexus States List</display-name>
                <type>set-of-string</type>
                <mandatory-flag>false</mandatory-flag>
                <externally-managed-flag>false</externally-managed-flag>
            </attribute-definition>
            <attribute-definition attribute-id="CsNoNexus">
                <display-name xml:lang="x-default">CyberSource No Nexus States List</display-name>
                <type>set-of-string</type>
                <mandatory-flag>false</mandatory-flag>
                <externally-managed-flag>false</externally-managed-flag>
            </attribute-definition>
            <attribute-definition attribute-id="CsPaEnableProofXML">
                <display-name xml:lang="x-default">CyberSource Save Proof.xml (PA)</display-name>
                <type>boolean</type>
                <mandatory-flag>false</mandatory-flag>
                <externally-managed-flag>false</externally-managed-flag>
                <default-value>false</default-value>
            </attribute-definition>
            <attribute-definition attribute-id="CsPaMerchantId">
                <display-name xml:lang="x-default">CyberSource Merchant ID (PA)</display-name>
                <type>string</type>
                <mandatory-flag>false</mandatory-flag>
                <externally-managed-flag>false</externally-managed-flag>
                <min-length>0</min-length>
            </attribute-definition>
            <attribute-definition attribute-id="CsPaMerchantName">
                <display-name xml:lang="x-default">CyberSource Merchant Name (PA)</display-name>
                <type>string</type>
                <mandatory-flag>false</mandatory-flag>
                <externally-managed-flag>false</externally-managed-flag>
                <min-length>0</min-length>
                <field-length>0</field-length>
                <field-height>0</field-height>
            </attribute-definition>
            <attribute-definition attribute-id="CsPaSaveParesStatus">
                <display-name xml:lang="x-default">CyberSource Save ParesStatus (PA)</display-name>
                <description xml:lang="x-default">Save ParesStatus received as response from Pa Authenticate request and send it as param in ccAuth request call.  This field should be enabled after verifying cybersource merchant account settings.</description>
                <type>boolean</type>
                <mandatory-flag>false</mandatory-flag>
                <externally-managed-flag>false</externally-managed-flag>
                <default-value>false</default-value>
            </attribute-definition>
            <attribute-definition attribute-id="CsPoaCity">
                <display-name xml:lang="x-default">CyberSource Purchase Order Acceptance City (Tax)</display-name>
                <type>string</type>
                <mandatory-flag>false</mandatory-flag>
                <externally-managed-flag>false</externally-managed-flag>
                <min-length>0</min-length>
                <field-length>0</field-length>
                <field-height>0</field-height>
                <default-value>Lyndhurst</default-value>
            </attribute-definition>
            <attribute-definition attribute-id="CsPoaCountryCode">
                <display-name xml:lang="x-default">CyberSource Purchase Order Acceptance Country Code (Tax)</display-name>
                <type>string</type>
                <mandatory-flag>false</mandatory-flag>
                <externally-managed-flag>false</externally-managed-flag>
                <min-length>0</min-length>
                <field-length>0</field-length>
                <field-height>0</field-height>
                <default-value>US</default-value>
            </attribute-definition>
            <attribute-definition attribute-id="CsPoaStateCode">
                <display-name xml:lang="x-default">CyberSource Purchase Order Acceptance State Code (Tax)</display-name>
                <type>string</type>
                <mandatory-flag>false</mandatory-flag>
                <externally-managed-flag>false</externally-managed-flag>
                <min-length>0</min-length>
                <field-length>0</field-length>
                <field-height>0</field-height>
                <default-value>NJ</default-value>
            </attribute-definition>
            <attribute-definition attribute-id="CsPoaZipCode">
                <display-name xml:lang="x-default">CyberSource Purchase Order Acceptance Zip Code (Tax)</display-name>
                <type>string</type>
                <mandatory-flag>false</mandatory-flag>
                <externally-managed-flag>false</externally-managed-flag>
                <min-length>0</min-length>
                <default-value>07071</default-value>
            </attribute-definition>
            <attribute-definition attribute-id="CsPooCity">
                <display-name xml:lang="x-default">CyberSource Purchase Order Origin City (Tax)</display-name>
                <type>string</type>
                <mandatory-flag>false</mandatory-flag>
                <externally-managed-flag>false</externally-managed-flag>
                <min-length>0</min-length>
                <field-length>0</field-length>
                <field-height>0</field-height>
                <default-value>Lyndhurst</default-value>
            </attribute-definition>
            <attribute-definition attribute-id="CsPooCountryCode">
                <display-name xml:lang="x-default">CyberSource Purchase Order Origin Country Code (Tax)</display-name>
                <type>string</type>
                <mandatory-flag>false</mandatory-flag>
                <externally-managed-flag>false</externally-managed-flag>
                <min-length>0</min-length>
                <field-length>0</field-length>
                <field-height>0</field-height>
                <default-value>US</default-value>
            </attribute-definition>
            <attribute-definition attribute-id="CsPooStateCode">
                <display-name xml:lang="x-default">CyberSource Purchase Order Origin StateCode (Tax)</display-name>
                <type>string</type>
                <mandatory-flag>false</mandatory-flag>
                <externally-managed-flag>false</externally-managed-flag>
                <min-length>0</min-length>
                <field-length>0</field-length>
                <field-height>0</field-height>
                <default-value>NJ</default-value>
            </attribute-definition>
            <attribute-definition attribute-id="CsPooZipCode">
                <display-name xml:lang="x-default">CyberSource Purchase Order Origin ZipCode (Tax)</display-name>
                <type>string</type>
                <mandatory-flag>false</mandatory-flag>
                <externally-managed-flag>false</externally-managed-flag>
                <min-length>0</min-length>
                <field-length>0</field-length>
                <field-height>0</field-height>
                <default-value>07071</default-value>
            </attribute-definition>
            <attribute-definition attribute-id="CsSecurityKey">
                <display-name xml:lang="x-default">CyberSource Merchant Key</display-name>
                <type>string</type>
                <mandatory-flag>false</mandatory-flag>
                <externally-managed-flag>false</externally-managed-flag>
                <min-length>0</min-length>
                <field-length>0</field-length>
                <field-height>0</field-height>
            </attribute-definition>
            <attribute-definition attribute-id="CsShipFromCity">
                <display-name xml:lang="x-default">CyberSource ShipFrom City</display-name>
                <type>string</type>
                <mandatory-flag>false</mandatory-flag>
                <externally-managed-flag>false</externally-managed-flag>
                <min-length>0</min-length>
                <field-length>0</field-length>
                <field-height>0</field-height>
                <default-value>Lyndhurst</default-value>
            </attribute-definition>
            <attribute-definition attribute-id="CsShipFromCountryCode">
                <display-name xml:lang="x-default">CyberSource ShipFrom Country Code</display-name>
                <type>string</type>
                <mandatory-flag>false</mandatory-flag>
                <externally-managed-flag>false</externally-managed-flag>
                <min-length>0</min-length>
                <field-length>0</field-length>
                <field-height>0</field-height>
                <default-value>US</default-value>
            </attribute-definition>
            <attribute-definition attribute-id="CsShipFromStateCode">
                <display-name xml:lang="x-default">CyberSource ShipFrom StateCode</display-name>
                <type>string</type>
                <mandatory-flag>false</mandatory-flag>
                <externally-managed-flag>false</externally-managed-flag>
                <min-length>0</min-length>
                <field-length>0</field-length>
                <field-height>0</field-height>
                <default-value>NJ</default-value>
            </attribute-definition>
            <attribute-definition attribute-id="CsShipFromZipCode">
                <display-name xml:lang="x-default">CyberSource ShipFrom ZipCode</display-name>
                <type>string</type>
                <mandatory-flag>false</mandatory-flag>
                <externally-managed-flag>false</externally-managed-flag>
                <min-length>0</min-length>
                <field-length>0</field-length>
                <field-height>0</field-height>
                <default-value>07071</default-value>
            </attribute-definition>
            <attribute-definition attribute-id="CsTokenizationEnable">
                <display-name xml:lang="x-default">CyberSource - Enable Tokenization</display-name>
                <description xml:lang="x-default">This will enable Payment Tokenization.</description>
                <type>enum-of-string</type>
                <mandatory-flag>false</mandatory-flag>
                <externally-managed-flag>false</externally-managed-flag>
                <value-definitions>
                    <value-definition default="true">
                        <display xml:lang="x-default">YES</display>
                        <value>YES</value>
                    </value-definition>
                    <value-definition>
                        <display xml:lang="x-default">NO</display>
                        <value>NO</value>
                    </value-definition>
                </value-definitions>
            </attribute-definition>
            <attribute-definition attribute-id="apPaymentType">
                <display-name xml:lang="x-default">Alipay Payment Type</display-name>
                <description xml:lang="x-default">Alipay Payment Type for Domestic as well as International Payment</description>
                <type>enum-of-string</type>
                <mandatory-flag>false</mandatory-flag>
                <externally-managed-flag>false</externally-managed-flag>
                <value-definitions>
                    <value-definition default="true">
                        <display xml:lang="x-default">Domestic</display>
                        <value>APD</value>
                    </value-definition>
                    <value-definition>
                        <display xml:lang="x-default">International</display>
                        <value>APY</value>
                    </value-definition>
                </value-definitions>
            </attribute-definition>
            <attribute-definition attribute-id="apTestReconciliationID">
                <display-name xml:lang="x-default">Test Reconciliation ID for Alipay</display-name>
                <description xml:lang="x-default">Test Reconciliation ID for Alipay</description>
                <type>enum-of-string</type>
                <mandatory-flag>false</mandatory-flag>
                <externally-managed-flag>false</externally-managed-flag>
                <value-definitions>
                    <value-definition default="true">
                        <display xml:lang="x-default">Domestic COMPLETE</display>
                        <value>666666666701</value>
                    </value-definition>
                    <value-definition>
                        <display xml:lang="x-default">Domestic PENDING</display>
                        <value>666666666702</value>
                    </value-definition>
                    <value-definition>
                        <display xml:lang="x-default">Domestic ABANDONED</display>
                        <value>666666666703</value>
                    </value-definition>
                    <value-definition>
                        <display xml:lang="x-default">Domestic Reject</display>
                        <value>666666666725</value>
                    </value-definition>
                    <value-definition>
                        <display xml:lang="x-default">International PENDING</display>
                        <value>333333333402</value>
                    </value-definition>
                    <value-definition>
                        <display xml:lang="x-default">International COMPLETED</display>
                        <value>110115230002</value>
                    </value-definition>
                    <value-definition>
                        <display xml:lang="x-default">International ABANDONED</display>
                        <value>333333333403</value>
                    </value-definition>
                </value-definitions>
            </attribute-definition>
            <attribute-definition attribute-id="csCardDecisionManagerEnable">
                <display-name xml:lang="x-default">Decision Manager Enable for Card</display-name>
                <type>boolean</type>
                <mandatory-flag>false</mandatory-flag>
                <externally-managed-flag>false</externally-managed-flag>
                <default-value>true</default-value>
            </attribute-definition>
            <attribute-definition attribute-id="csMasterCardAuthIndicator">
                <display-name xml:lang="x-default">Master Card Auth Indicator</display-name>
                <description xml:lang="x-default">Preauthorization:  0 passed in request. Final authorization:  1 passed in request.  Undefined authorization:omit authIndicator field from the request message</description>
                <type>enum-of-string</type>
                <mandatory-flag>false</mandatory-flag>
                <externally-managed-flag>false</externally-managed-flag>
                <value-definitions>
                    <value-definition>
                        <display xml:lang="x-default">Preauthorization</display>
                        <value>0</value>
                    </value-definition>
                    <value-definition>
                        <display xml:lang="x-default">Final authorization</display>
                        <value>1</value>
                    </value-definition>
                    <value-definition default="true">
                        <display xml:lang="x-default">Undefined authorization</display>
                        <value>NONE</value>
                    </value-definition>
                </value-definitions>
            </attribute-definition>
            <attribute-definition attribute-id="LimitSavedCardRate">
                <display-name xml:lang="x-default">LimitSavedCardRate</display-name>
                <description xml:lang="x-default">Limit number of credit card save attempts</description>
                <type>boolean</type>
                <mandatory-flag>false</mandatory-flag>
                <externally-managed-flag>false</externally-managed-flag>
            </attribute-definition>
			<attribute-definition attribute-id="SavedCardLimitFrame">
                <display-name xml:lang="x-default">SavedCardLimitFrame</display-name>
                <description xml:lang="x-default">Limit of card count in certain time period</description>
                <type>int</type>
                <mandatory-flag>false</mandatory-flag>
                <externally-managed-flag>false</externally-managed-flag>
            </attribute-definition>
			<attribute-definition attribute-id="SavedCardLimitTimeFrame">
                <display-name xml:lang="x-default">SavedCardLimitTimeFrame</display-name>
                <description xml:lang="x-default">Number of hours that saved credit card attempts are counted</description>
                <type>int</type>
                <mandatory-flag>false</mandatory-flag>
                <externally-managed-flag>false</externally-managed-flag>
            </attribute-definition>
        </custom-attribute-definitions>
        <group-definitions>
			<attribute-group group-id="CyberSource">
                <display-name xml:lang="x-default">CyberSource</display-name>
                <attribute attribute-id="CsMerchantId"/>
                <attribute attribute-id="CsSecurityKey"/>
                <attribute attribute-id="CsEndpoint"/>
                <attribute attribute-id="CsShipFromCity"/>
                <attribute attribute-id="CsShipFromStateCode"/>
                <attribute attribute-id="CsShipFromZipCode"/>
                <attribute attribute-id="CsShipFromCountryCode"/>
                <attribute attribute-id="CsAvsIgnoreResult"/>
                <attribute attribute-id="CsAvsDeclineFlags"/>
                <attribute attribute-id="CsDavOnAddressVerificationFailure"/>
                <attribute attribute-id="CsDavEnable"/>
                <attribute attribute-id="CsPaMerchantId"/>
                <attribute attribute-id="CsPaMerchantName"/>
                <attribute attribute-id="CsPoaCity"/>
                <attribute attribute-id="CsPoaStateCode"/>
                <attribute attribute-id="CsPoaZipCode"/>
                <attribute attribute-id="CsPoaCountryCode"/>
                <attribute attribute-id="CsPooCity"/>
                <attribute attribute-id="CsPooStateCode"/>
                <attribute attribute-id="CsPooZipCode"/>
                <attribute attribute-id="CsPooCountryCode"/>
                <attribute attribute-id="CsNexus"/>
                <attribute attribute-id="CsNoNexus"/>
                <attribute attribute-id="CsDebugCybersource"/>
              	<attribute attribute-id="CsOrderImportLookBack"/>
                <attribute attribute-id="CsDeviceFingerprintJetmetrixLocation"/>
                <attribute attribute-id="CsDeviceFingerprintOrgId"/>
                <attribute attribute-id="CsDeviceFingerprintEnabled"/>
                <attribute attribute-id="CsDeviceFingerprintRedirectionType"/>
                <attribute attribute-id="CsTokenizationEnable"/>
                <attribute attribute-id="CsPaEnableProofXML"/>
                <attribute attribute-id="CsPaSaveParesStatus"/>
                <attribute attribute-id="apPaymentType"/>
                <attribute attribute-id="apTestReconciliationID"/>
                <attribute attribute-id="CsCorrectShipState"/>
                <attribute attribute-id="csMasterCardAuthIndicator"/>
                <attribute attribute-id="csCardDecisionManagerEnable"/>
                <attribute attribute-id="CsDeveloperID"/>
                <attribute attribute-id="CsEnableTaxation"/>
                <attribute attribute-id="LimitSavedCardRate"/>
                <attribute attribute-id="SavedCardLimitTimeFrame"/>
                <attribute attribute-id="SavedCardLimitFrame"/>
            </attribute-group>
        </group-definitions>
    </type-extension>
</metadata>