<?xml version="1.0" encoding="UTF-8"?>
<metadata xmlns="http://www.demandware.com/xml/impex/metadata/2006-10-31">
    <type-extension type-id="SitePreferences">
        <custom-attribute-definitions>
			<attribute-definition attribute-id="cybAndroidPayInterfacePassword">
                <display-name xml:lang="x-default">CyberSource AndroidPay Password</display-name>
                <type>password</type>
                <mandatory-flag>false</mandatory-flag>
                <externally-managed-flag>false</externally-managed-flag>
            </attribute-definition>
            <attribute-definition attribute-id="cybAndroidPayInterfaceUser">
                <display-name xml:lang="x-default">AndroidPay API Interface UserId</display-name>
                <type>string</type>
                <mandatory-flag>false</mandatory-flag>
                <externally-managed-flag>false</externally-managed-flag>
                <min-length>0</min-length>
				<default-value>test</default-value>
            </attribute-definition>
			<attribute-definition attribute-id="CsAndoridPayTokenizationEnabled">
                <display-name xml:lang="x-default">Android Pay Card Subscription Enabled</display-name>
                <type>boolean</type>
                <mandatory-flag>false</mandatory-flag>
                <externally-managed-flag>false</externally-managed-flag>
                <default-value>false</default-value>
            </attribute-definition>
        </custom-attribute-definitions>
        <group-definitions>
			<attribute-group group-id="CyberSource_AndroidPay">
                <display-name xml:lang="x-default">CyberSource AndroidPay</display-name>
                <attribute attribute-id="cybAndroidPayInterfaceUser"/>
                <attribute attribute-id="cybAndroidPayInterfacePassword"/>
                <attribute attribute-id="CsAndoridPayTokenizationEnabled"/>
            </attribute-group>
        </group-definitions>
    </type-extension>
</metadata>