<?xml version="1.0" encoding="UTF-8"?>
<metadata xmlns="http://www.demandware.com/xml/impex/metadata/2006-10-31">
    <type-extension type-id="SitePreferences">
        <custom-attribute-definitions>
			<attribute-definition attribute-id="CsApplePayPassword">
                <display-name xml:lang="x-default">CyberSource Interface Apple Pay Password</display-name>
                <type>password</type>
                <mandatory-flag>true</mandatory-flag>
                <externally-managed-flag>false</externally-managed-flag>
                <field-length>12</field-length>
            </attribute-definition>
            <attribute-definition attribute-id="CsApplePayUser">
                <display-name xml:lang="x-default">CyberSource Interface Apple Pay User</display-name>
                <type>string</type>
                <mandatory-flag>true</mandatory-flag>
                <externally-managed-flag>false</externally-managed-flag>
                <min-length>0</min-length>
				<default-value>test</default-value>
            </attribute-definition>
            <attribute-definition attribute-id="CsApplePayTransactionType">
                <display-name xml:lang="x-default">Apple Pay Transaction Type</display-name>
                <description xml:lang="x-default">Select Auth/Sale transaction</description>
                <type>enum-of-string</type>
                <mandatory-flag>true</mandatory-flag>
                <externally-managed-flag>false</externally-managed-flag>
                <value-definitions>
                    <value-definition>
                        <display xml:lang="x-default">Auth</display>
                        <value>authorization</value>
                    </value-definition>
                    <value-definition>
                        <display xml:lang="x-default">Sale</display>
                        <value>sale</value>
                    </value-definition>
                </value-definitions>
            </attribute-definition>
        </custom-attribute-definitions>
        <group-definitions>
			<attribute-group group-id="CyberSource_ApplePay">
                <display-name xml:lang="x-default">CyberSource Apple Pay</display-name>
                <attribute attribute-id="CsApplePayUser"/>
                <attribute attribute-id="CsApplePayPassword"/>
                <attribute attribute-id="CsApplePayTransactionType"/>
            </attribute-group>
        </group-definitions>
    </type-extension>
</metadata>