<?xml version="1.0" encoding="UTF-8"?>
<metadata xmlns="http://www.demandware.com/xml/impex/metadata/2006-10-31">
    <type-extension type-id="SitePreferences">
        <custom-attribute-definitions>
            <attribute-definition attribute-id="apTestWeChatReconciliationID">
                <display-name xml:lang="x-default">Test Reconciliation ID for WeChat Pay</display-name>
                <description xml:lang="x-default">Test Reconciliation ID for WeChat Pay</description>
                <type>enum-of-string</type>
                <mandatory-flag>false</mandatory-flag>
                <externally-managed-flag>false</externally-managed-flag>
                <value-definitions>
                    <value-definition default="true">
                        <display xml:lang="x-default">SETTLED</display>
                        <value>SETTLED</value>
                    </value-definition>
                    <value-definition>
                        <display xml:lang="x-default">PENDING</display>
                        <value>TC200000</value>
                    </value-definition>
                    <value-definition>
                        <display xml:lang="x-default">ABANDONED</display>
                        <value>TC200001</value>
                    </value-definition>
                    <value-definition>
                        <display xml:lang="x-default">FAILED</display>
                        <value>TC200010</value>
                    </value-definition>
                </value-definitions>
            </attribute-definition>
            <attribute-definition attribute-id="WeChatTransactionTimeout">
                <display-name xml:lang="x-default">WeChatPayTransactionTimeout</display-name>
                <description xml:lang="x-default">Transaction Timeout for QR Code in WeChat Pay in seconds</description>
                <type>int</type>
                <mandatory-flag>false</mandatory-flag>
                <externally-managed-flag>false</externally-managed-flag>
                <default-value>300</default-value>
            </attribute-definition>
            <attribute-definition attribute-id="CheckStatusServiceInterval">
                <display-name xml:lang="x-default">CheckStatusServiceInterval</display-name>
                <description xml:lang="x-default">Check Status Service Call Interval in Seconds</description>
                <type>int</type>
                <mandatory-flag>false</mandatory-flag>
                <externally-managed-flag>false</externally-managed-flag>
                <min-value>10</min-value>
                <default-value>10</default-value>
            </attribute-definition>
            <attribute-definition attribute-id="NumofCheckStatusCalls">
                <display-name xml:lang="x-default">NumofCheckStatusCalls</display-name>
                <description xml:lang="x-default">Number of Check Status service calls in Wechat Pay</description>
                <type>int</type>
                <mandatory-flag>false</mandatory-flag>
                <externally-managed-flag>false</externally-managed-flag>
                <min-value>5</min-value>
                <default-value>5</default-value>
            </attribute-definition>
        </custom-attribute-definitions>
        <group-definitions>
            <attribute-group group-id="Cybersource_WeChat">
                <display-name xml:lang="x-default">Cybersource: WeChat Pay</display-name>
                <attribute attribute-id="apTestWeChatReconciliationID"/>
                <attribute attribute-id="WeChatTransactionTimeout"/>
                <attribute attribute-id="CheckStatusServiceInterval"/>
                <attribute attribute-id="NumofCheckStatusCalls"/>
            </attribute-group>
        </group-definitions>
    </type-extension>
    </metadata>