<?xml version="1.0" encoding="UTF-8"?>
<metadata xmlns="http://www.demandware.com/xml/impex/metadata/2006-10-31">
    <type-extension type-id="SitePreferences">
        <custom-attribute-definitions>
            <attribute-definition attribute-id="apPaymentType">
                <display-name xml:lang="x-default">Payment Type</display-name>
                <description xml:lang="x-default">Payment Type</description>
                <type>string</type>
                <mandatory-flag>false</mandatory-flag>
                <externally-managed-flag>false</externally-managed-flag>
                <min-length>0</min-length>
            </attribute-definition>
            <attribute-definition attribute-id="apTestReconciliationID">
                <display-name xml:lang="x-default">Test Reconciliation ID for Alipay</display-name>
                <description xml:lang="x-default">Test Reconciliation ID for Alipay</description>
                <type>enum-of-string</type>
                <mandatory-flag>false</mandatory-flag>
                <externally-managed-flag>false</externally-managed-flag>
                <value-definitions>
                    <value-definition default="true">
                        <display xml:lang="x-default">Domestic COMPLETE</display>
                        <value>666666666701</value>
                    </value-definition>
                    <value-definition>
                        <display xml:lang="x-default">Domestic PENDING</display>
                        <value>666666666702</value>
                    </value-definition>
                    <value-definition>
                        <display xml:lang="x-default">Domestic ABANDONED</display>
                        <value>666666666703</value>
                    </value-definition>
                    <value-definition>
                        <display xml:lang="x-default">Domestic Reject</display>
                        <value>666666666725</value>
                    </value-definition>
                    <value-definition>
                        <display xml:lang="x-default">International PENDING</display>
                        <value>333333333402</value>
                    </value-definition>
                    <value-definition>
                        <display xml:lang="x-default">International COMPLETED</display>
                        <value>110115230002</value>
                    </value-definition>
                    <value-definition>
                        <display xml:lang="x-default">International ABANDONED</display>
                        <value>333333333403</value>
                    </value-definition>
                </value-definitions>
            </attribute-definition>
        </custom-attribute-definitions>
        <group-definitions>
            <attribute-group group-id="Cybersource_Alipay">
                <display-name xml:lang="x-default">Cybersource: Alipay</display-name>
                <attribute attribute-id="apPaymentType"/>
                <attribute attribute-id="apTestReconciliationID"/>
            </attribute-group>
        </group-definitions>
    </type-extension>
    </metadata>