<?xml version="1.0" encoding="UTF-8"?>
<metadata xmlns="http://www.demandware.com/xml/impex/metadata/2006-10-31">
    <type-extension type-id="SitePreferences">
        <custom-attribute-definitions>
            <attribute-definition attribute-id="IsSCAEnabled">
                <display-name xml:lang="x-default">Enable Strong Customer Authentication</display-name>
                <description xml:lang="x-default">Enable Strong Customer Authentication</description>
                <type>boolean</type>
                <mandatory-flag>false</mandatory-flag>
                <externally-managed-flag>false</externally-managed-flag>
                <default-value>false</default-value>
            </attribute-definition>
        </custom-attribute-definitions>
        <group-definitions>
            <attribute-group group-id="Cybersource_PayerAuthentication">
                <display-name xml:lang="x-default">Cybersource: Payer Authentication</display-name>
                <attribute attribute-id="IsSCAEnabled"/>
            </attribute-group>
        </group-definitions>
    </type-extension>
    </metadata>