<?xml version="1.0" encoding="UTF-8"?>
<metadata xmlns="http://www.demandware.com/xml/impex/metadata/2006-10-31">
    <type-extension type-id="SitePreferences">
        <custom-attribute-definitions>
            <attribute-definition attribute-id="CsDeviceFingerprintEnabled">
                <display-name xml:lang="x-default">CS Device Fingerprint Enabled</display-name>
                <description xml:lang="x-default">If enabled, a unique ID (fingerprint) of the customer's environment will be checked to detect spam / fraud.</description>
                <type>boolean</type>
                <mandatory-flag>false</mandatory-flag>
                <externally-managed-flag>false</externally-managed-flag>
                <default-value>false</default-value>
            </attribute-definition>
            <attribute-definition attribute-id="CsDeviceFingerprintTTL">
                <display-name xml:lang="x-default">CS Device Fingerprint Time To Live</display-name>
                <description xml:lang="x-default">Time, in milliseconds between generating a new device fingerprint for a given session.</description>
                <type>int</type>
                <mandatory-flag>false</mandatory-flag>
                <externally-managed-flag>false</externally-managed-flag>
                <min-value>0.0</min-value>
                <default-value>86400000</default-value>
            </attribute-definition>
            <attribute-definition attribute-id="CsDeviceFingerprintJetmetrixLocation">
                <display-name xml:lang="x-default">CS Device Fingerprint ThreatMetrix URL</display-name>
                <description xml:lang="x-default">ThreatMetrix Location for Device fingerprint</description>
                <type>string</type>
                <mandatory-flag>false</mandatory-flag>
                <externally-managed-flag>false</externally-managed-flag>
                <min-length>0</min-length>
                <default-value>https://h.online-metrix.net</default-value>
            </attribute-definition>
            <attribute-definition attribute-id="CsDeviceFingerprintOrgId">
                <display-name xml:lang="x-default">CS Device Fingerprint Organization ID</display-name>
                <description xml:lang="x-default">Organization ID for the device fingerprint check.</description>
                <type>string</type>
                <mandatory-flag>false</mandatory-flag>
                <externally-managed-flag>false</externally-managed-flag>
                <min-length>0</min-length>
                <default-value>1snn5n9w</default-value>
            </attribute-definition>
        </custom-attribute-definitions>
        <group-definitions>
            <attribute-group group-id="CyberSource_DeviceFingerprint">
                <display-name xml:lang="x-default">Cybersource: Device Finger Print Configuration</display-name>
                <attribute attribute-id="CsDeviceFingerprintEnabled"/>
                <attribute attribute-id="CsDeviceFingerprintTTL"/>
                <attribute attribute-id="CsDeviceFingerprintJetmetrixLocation"/>
                <attribute attribute-id="CsDeviceFingerprintOrgId"/>
            </attribute-group>
        </group-definitions>
    </type-extension>
    </metadata>