<?xml version="1.0" encoding="UTF-8"?>
<metadata xmlns="http://www.demandware.com/xml/impex/metadata/2006-10-31">
    <type-extension type-id="SitePreferences">
        <custom-attribute-definitions>
            <attribute-definition attribute-id="payPalBillingAgreements">
                <display-name xml:lang="x-default">Billing Agreement</display-name>
                <description xml:lang="x-default">Enable/Disable PayPal Billing Agreements</description>
                <type>boolean</type>
                <mandatory-flag>false</mandatory-flag>
                <externally-managed-flag>false</externally-managed-flag>
                <default-value>false</default-value>
            </attribute-definition>
            <attribute-definition attribute-id="CsPaypalAddressOverride">
                <display-name xml:lang="x-default">Paypal Address Override</display-name>
                <description xml:lang="x-default">If this set to true , then address of buyer will be override by the shipping address provided in shipping page.</description>
                <type>boolean</type>
                <mandatory-flag>false</mandatory-flag>
                <externally-managed-flag>false</externally-managed-flag>
            </attribute-definition>
            <attribute-definition attribute-id="CsPaypalOrderType">
                <display-name xml:lang="x-default">Paypal Order Type</display-name>
                <type>enum-of-string</type>
                <mandatory-flag>false</mandatory-flag>
                <externally-managed-flag>false</externally-managed-flag>
                <value-definitions>
                    <value-definition>
                        <display xml:lang="x-default">Standard Order</display>
                        <value>STANDARD</value>
                    </value-definition>
                    <value-definition default="true">
                        <display xml:lang="x-default">Custom Order</display>
                        <value>CUSTOM</value>
                    </value-definition>
                </value-definitions>
            </attribute-definition>
            <attribute-definition attribute-id="CsFundingSource">
                <display-name xml:lang="x-default">Funding Source</display-name>
                <description xml:lang="x-default">Funding Source</description>
                <type>enum-of-string</type>
                <mandatory-flag>false</mandatory-flag>
                <externally-managed-flag>false</externally-managed-flag>
                <value-definitions>
                    <value-definition default="true">
                        <display xml:lang="x-default">UNRESTRICTED</display>
                        <value>UNRESTRICTED</value>
                    </value-definition>
                    <value-definition>
                        <display xml:lang="x-default">INSTANT</display>
                        <value>INSTANT</value>
                    </value-definition>
                </value-definitions>
            </attribute-definition>
            <attribute-definition attribute-id="CsEnableExpressPaypal">
                <display-name xml:lang="x-default">CsEnableExpressPaypal</display-name>
                <description xml:lang="x-default">Cyber Source Flag for Enable paypal expess in cart and Minicart page</description>
                <type>boolean</type>
                <mandatory-flag>false</mandatory-flag>
                <externally-managed-flag>false</externally-managed-flag>
                <default-value>false</default-value>
            </attribute-definition>
			<attribute-definition attribute-id="isDecisionManagerEnable">
                <display-name xml:lang="x-default">Decision Manager Enable for Paypal</display-name>
                <description xml:lang="x-default">Decision Manager Enable for Paypal</description>
                <type>boolean</type>
                <mandatory-flag>false</mandatory-flag>
                <externally-managed-flag>false</externally-managed-flag>
                <default-value>false</default-value>
            </attribute-definition>
            <attribute-definition attribute-id="CsPaypalClientID">
                <display-name xml:lang="x-default">Paypal Client ID</display-name>
                <type>string</type>
                <mandatory-flag>false</mandatory-flag>
                <externally-managed-flag>false</externally-managed-flag>
                <default-value>false</default-value>
            </attribute-definition>
        </custom-attribute-definitions>
        <group-definitions>
            <attribute-group group-id="CyberSource_paypal">
                <display-name xml:lang="x-default">CyberSource: PayPal</display-name>
                <attribute attribute-id="payPalBillingAgreements"/>
                <attribute attribute-id="CsPaypalAddressOverride"/>
                <attribute attribute-id="CsPaypalOrderType"/>
                <attribute attribute-id="CsFundingSource"/>
                <attribute attribute-id="CsEnableExpressPaypal"/>
				<attribute attribute-id="isDecisionManagerEnable"/>
                <attribute attribute-id="CsPaypalClientID"/>
            </attribute-group>
        </group-definitions>
    </type-extension>
    </metadata>