<?xml version="1.0" encoding="UTF-8"?>
<metadata xmlns="http://www.demandware.com/xml/impex/metadata/2006-10-31">
    <type-extension type-id="SitePreferences">
        <custom-attribute-definitions>
            <attribute-definition attribute-id="merchantDescriptorPostalCode">
                <display-name xml:lang="x-default">Merchant Descriptor Postal Code</display-name>
                <description xml:lang="x-default">Merchant Descriptor Postal Code</description>
                <type>string</type>
                <mandatory-flag>false</mandatory-flag>
                <externally-managed-flag>false</externally-managed-flag>
                <min-length>0</min-length>
                <default-value>94128</default-value>
            </attribute-definition>
            <attribute-definition attribute-id="merchantDescriptor">
                <display-name xml:lang="x-default">Merchant Descriptor</display-name>
                <description xml:lang="x-default">Merchant Descriptor</description>
                <type>string</type>
                <mandatory-flag>true</mandatory-flag>
                <externally-managed-flag>false</externally-managed-flag>
                <min-length>0</min-length>
                <default-value>Online Store</default-value>
            </attribute-definition>
            <attribute-definition attribute-id="merchantDescriptorCity">
                <display-name xml:lang="x-default">Merchant Descriptor City</display-name>
                <description xml:lang="x-default">Merchant Descriptor City</description>
                <type>string</type>
                <mandatory-flag>false</mandatory-flag>
                <externally-managed-flag>false</externally-managed-flag>
                <min-length>0</min-length>
                <default-value>San Francisco</default-value>
            </attribute-definition>
            <attribute-definition attribute-id="merchantDescriptorContact">
                <display-name xml:lang="x-default">Merchant Descriptor Contact</display-name>
                <description xml:lang="x-default">Merchant Descriptor Contact</description>
                <type>string</type>
                <mandatory-flag>false</mandatory-flag>
                <externally-managed-flag>false</externally-managed-flag>
                <min-length>0</min-length>
                <default-value>6504327350</default-value>
            </attribute-definition>
            <attribute-definition attribute-id="merchantDescriptorCountry">
                <display-name xml:lang="x-default">Merchant Descriptor Country</display-name>
                <description xml:lang="x-default">Merchant Descriptor Country</description>
                <type>string</type>
                <mandatory-flag>false</mandatory-flag>
                <externally-managed-flag>false</externally-managed-flag>
                <min-length>0</min-length>
                <default-value>US</default-value>
            </attribute-definition>
            <attribute-definition attribute-id="merchantDescriptorState">
                <display-name xml:lang="x-default">Merchant Descriptor State</display-name>
                <description xml:lang="x-default">Merchant Descriptor State</description>
                <type>string</type>
                <mandatory-flag>false</mandatory-flag>
                <externally-managed-flag>false</externally-managed-flag>
                <min-length>0</min-length>
                <default-value>CA</default-value>
            </attribute-definition>
            <attribute-definition attribute-id="merchantDescriptorStreet">
                <display-name xml:lang="x-default">Merchant Descriptor Street</display-name>
                <description xml:lang="x-default">Merchant Descriptor Street</description>
                <type>string</type>
                <mandatory-flag>false</mandatory-flag>
                <externally-managed-flag>false</externally-managed-flag>
                <min-length>0</min-length>
                <default-value>P.O. Box 8999</default-value>
            </attribute-definition>
           <attribute-definition attribute-id="IsBankTransferDMEnabled">
                <display-name xml:lang="x-default">Decision Manager Enabled for Bank Transfer</display-name>
                <description xml:lang="x-default">Is Bank Transfer Decision Manager Enabled?</description>
                <type>boolean</type>
                <mandatory-flag>false</mandatory-flag>
                <externally-managed-flag>false</externally-managed-flag>
                <default-value>true</default-value>
            </attribute-definition>
        </custom-attribute-definitions>
        <group-definitions>
            <attribute-group group-id="CyberSource_BankTransfer">
                <display-name xml:lang="x-default">CyberSource: Bank Transfer</display-name>
                <attribute attribute-id="merchantDescriptorPostalCode"/>
                <attribute attribute-id="merchantDescriptor"/>
                <attribute attribute-id="merchantDescriptorContact"/>
                <attribute attribute-id="merchantDescriptorState"/>
                <attribute attribute-id="merchantDescriptorStreet"/>
                <attribute attribute-id="merchantDescriptorCity"/>
                <attribute attribute-id="merchantDescriptorCountry"/>
				<attribute attribute-id="IsBankTransferDMEnabled"/>
            </attribute-group>
        </group-definitions>
    </type-extension>
    </metadata>