<?xml version="1.0" encoding="UTF-8"?>
<metadata xmlns="http://www.demandware.com/xml/impex/metadata/2006-10-31">
    <type-extension type-id="SitePreferences">
        <custom-attribute-definitions>
            <attribute-definition attribute-id="CsSAType">
                <display-name xml:lang="x-default">Secure Acceptance Type</display-name>
                <description xml:lang="x-default">Secure Acceptance Type</description>
                <type>enum-of-string</type>
                <mandatory-flag>false</mandatory-flag>
                <externally-managed-flag>false</externally-managed-flag>
                <value-definitions>
                    <value-definition>
                        <display xml:lang="x-default">SA Redirect</display>
                        <value>SA_REDIRECT</value>
                    </value-definition>
                    <value-definition>
                        <display xml:lang="x-default">SA iFrame</display>
                        <value>SA_IFRAME</value>
                    </value-definition>
                    <value-definition>
                        <display xml:lang="x-default">SA SilentPost</display>
                        <value>SA_SILENTPOST</value>
                    </value-definition>
                    <value-definition>
                        <display xml:lang="x-default">SA Flex</display>
                        <value>SA_FLEX</value>
                    </value-definition>
                </value-definitions>
            </attribute-definition>
            <attribute-definition attribute-id="CsPaMerchantId">
                <display-name xml:lang="x-default">CS PA Merchant ID</display-name>
                <type>string</type>
                <mandatory-flag>false</mandatory-flag>
                <externally-managed-flag>false</externally-managed-flag>
                <min-length>0</min-length>
            </attribute-definition>
            <attribute-definition attribute-id="CsPaMerchantName">
                <display-name xml:lang="x-default">CS PA Merchant Name</display-name>
                <type>string</type>
                <mandatory-flag>false</mandatory-flag>
                <externally-managed-flag>false</externally-managed-flag>
                <min-length>0</min-length>
                <field-length>0</field-length>
                <field-height>0</field-height>
            </attribute-definition>
            <attribute-definition attribute-id="CsPaEnableProofXML">
                <display-name xml:lang="x-default">CS PA Save Proof.xml</display-name>
                <type>boolean</type>
                <mandatory-flag>false</mandatory-flag>
                <externally-managed-flag>false</externally-managed-flag>
                <default-value>false</default-value>
            </attribute-definition>
            <attribute-definition attribute-id="CsPaSaveParesStatus">
                <display-name xml:lang="x-default">CS PA Save ParesStatus </display-name>
                <description xml:lang="x-default">Save ParesStatus received as response from Pa Authenticate request and send it as param in ccAuth request call.  This field should be enabled after verifying cybersource merchant account settings.</description>
                <type>boolean</type>
                <mandatory-flag>false</mandatory-flag>
                <externally-managed-flag>false</externally-managed-flag>
                <default-value>false</default-value>
            </attribute-definition>
            <attribute-definition attribute-id="SAPostCustomerServiceEmail">
                <display-name xml:lang="x-default">CS SA Post Customer Service Email</display-name>
                <description xml:lang="x-default">Secure Acceptance Post Job Customer Service Email</description>
                <type>string</type>
                <mandatory-flag>false</mandatory-flag>
                <externally-managed-flag>false</externally-managed-flag>
                <min-length>0</min-length>
                <field-length>100</field-length>
            </attribute-definition>
            <attribute-definition attribute-id="SA_Redirect_ProfileID">
                <display-name xml:lang="x-default">CS SA Redirect Profile ID</display-name>
                <type>string</type>
                <mandatory-flag>false</mandatory-flag>
                <externally-managed-flag>false</externally-managed-flag>
                <min-length>0</min-length>
            </attribute-definition>
            <attribute-definition attribute-id="SA_Redirect_SecretKey">
                <display-name xml:lang="x-default">CS SA Redirect Secret Key</display-name>
                <type>string</type>
                <mandatory-flag>false</mandatory-flag>
                <externally-managed-flag>false</externally-managed-flag>
                <min-length>0</min-length>
            </attribute-definition>
            <attribute-definition attribute-id="SA_Redirect_AccessKey">
                <display-name xml:lang="x-default">CS SA Redirect Access Key</display-name>
                <type>string</type>
                <mandatory-flag>false</mandatory-flag>
                <externally-managed-flag>false</externally-managed-flag>
                <min-length>0</min-length>
            </attribute-definition>
            <attribute-definition attribute-id="SA_Silent_ProfileID">
                <display-name xml:lang="x-default">CS SA Silent Post Profile ID</display-name>
                <type>string</type>
                <mandatory-flag>false</mandatory-flag>
                <externally-managed-flag>false</externally-managed-flag>
                <min-length>0</min-length>
            </attribute-definition>
            <attribute-definition attribute-id="SA_Silent_SecretKey">
                <display-name xml:lang="x-default">CS SA Silent Post Secret Key</display-name>
                <type>string</type>
                <mandatory-flag>false</mandatory-flag>
                <externally-managed-flag>false</externally-managed-flag>
                <min-length>0</min-length>
            </attribute-definition>
            <attribute-definition attribute-id="SA_Silent_AccessKey">
                <display-name xml:lang="x-default">CS SA Silent Post Access Key</display-name>
                <type>string</type>
                <mandatory-flag>false</mandatory-flag>
                <externally-managed-flag>false</externally-managed-flag>
                <min-length>0</min-length>
            </attribute-definition>
            <attribute-definition attribute-id="CsSAOverrideBillingAddress">
                <display-name xml:lang="x-default">CS SA Override Billing Address</display-name>
                <type>boolean</type>
                <mandatory-flag>false</mandatory-flag>
                <externally-managed-flag>false</externally-managed-flag>
                <default-value>false</default-value>
            </attribute-definition>
            <attribute-definition attribute-id="CsSAOverrideShippingAddress">
                <display-name xml:lang="x-default">CS SA Override Shipping Address</display-name>
                <type>boolean</type>
                <mandatory-flag>false</mandatory-flag>
                <externally-managed-flag>false</externally-managed-flag>
                <default-value>false</default-value>
            </attribute-definition>
            <attribute-definition attribute-id="CsSARedirectFormAction">
                <display-name xml:lang="x-default">CS SA redirect form action</display-name>
                <type>string</type>
                <mandatory-flag>false</mandatory-flag>
                <externally-managed-flag>false</externally-managed-flag>
                <min-length>0</min-length>
                <default-value>https://testsecureacceptance.cybersource.com/pay</default-value>
            </attribute-definition>
            <attribute-definition attribute-id="CsSAIframetFormAction">
                <display-name xml:lang="x-default">CS SA Iframe form action</display-name>
                <type>string</type>
                <mandatory-flag>false</mandatory-flag>
                <externally-managed-flag>false</externally-managed-flag>
                <min-length>0</min-length>
                <default-value>https://testsecureacceptance.cybersource.com/embedded/pay</default-value>
            </attribute-definition>
            <attribute-definition attribute-id="SA_Iframe_AccessKey">
                <display-name xml:lang="x-default">CS SA Iframe Access Key</display-name>
                <type>string</type>
                <mandatory-flag>false</mandatory-flag>
                <externally-managed-flag>false</externally-managed-flag>
                <min-length>0</min-length>
            </attribute-definition>
            <attribute-definition attribute-id="SA_Iframe_ProfileID">
                <display-name xml:lang="x-default">CS SA Iframe Profile ID</display-name>
                <type>string</type>
                <mandatory-flag>false</mandatory-flag>
                <externally-managed-flag>false</externally-managed-flag>
                <min-length>0</min-length>
            </attribute-definition>
            <attribute-definition attribute-id="SA_Iframe_SecretKey">
                <display-name xml:lang="x-default">CS SA Iframe secret key</display-name>
                <type>string</type>
                <mandatory-flag>false</mandatory-flag>
                <externally-managed-flag>false</externally-managed-flag>
                <min-length>0</min-length>
            </attribute-definition>
            <attribute-definition attribute-id="CsCvnDeclineFlags">
                <display-name xml:lang="x-default">CS SA Ignore CVN Result (CVN)</display-name>
                <type>boolean</type>
                <mandatory-flag>false</mandatory-flag>
                <externally-managed-flag>false</externally-managed-flag>
                <default-value>false</default-value>
            </attribute-definition>
            <attribute-definition attribute-id="Secure_Acceptance_Token_Create_Endpoint">
                <display-name xml:lang="x-default">CS SA Token Create Endpoint</display-name>
                <type>string</type>
                <mandatory-flag>false</mandatory-flag>
                <externally-managed-flag>false</externally-managed-flag>
                <min-length>0</min-length>
                <default-value>https://testsecureacceptance.cybersource.com/silent/token/create</default-value>
            </attribute-definition>
            <attribute-definition attribute-id="Secure_Acceptance_Token_Update_Endpoint">
                <display-name xml:lang="x-default">CS SA Token Update Endpoint</display-name>
                <type>string</type>
                <mandatory-flag>false</mandatory-flag>
                <externally-managed-flag>false</externally-managed-flag>
                <min-length>0</min-length>
                <default-value>https://testsecureacceptance.cybersource.com/silent/token/update</default-value>
            </attribute-definition>
            <attribute-definition attribute-id="SA_Flex_HostName">
                <display-name xml:lang="x-default">Secure Acceptance Flex Host Name</display-name>
                <type>string</type>
                <mandatory-flag>false</mandatory-flag>
                <externally-managed-flag>false</externally-managed-flag>
                <min-length>0</min-length>
            </attribute-definition>
            <attribute-definition attribute-id="SA_Flex_KeyID">
                <display-name xml:lang="x-default">Secure Acceptance Flex KeyId</display-name>
                <type>string</type>
                <mandatory-flag>false</mandatory-flag>
                <externally-managed-flag>false</externally-managed-flag>
                <min-length>0</min-length>
            </attribute-definition>
            <attribute-definition attribute-id="SA_Flex_SharedSecret">
                <display-name xml:lang="x-default">Secure Acceptance Flex Shared Secret</display-name>
                <type>string</type>
                <mandatory-flag>false</mandatory-flag>
                <externally-managed-flag>false</externally-managed-flag>
                <min-length>0</min-length>
            </attribute-definition>
            <attribute-definition attribute-id="SA_Flex_DateLocale">
                <display-name xml:lang="x-default">SA Flex DateLocale</display-name>
                <description xml:lang="x-default">DateLocale for SA Flex</description>
                <type>string</type>
                <mandatory-flag>false</mandatory-flag>
                <externally-managed-flag>false</externally-managed-flag>
                <default-value>en_US</default-value>
            </attribute-definition>
        </custom-attribute-definitions>
        <group-definitions>
            <attribute-group group-id="CyberSource_SecureAcceptance">
                <display-name xml:lang="x-default">CyberSource: Secure Acceptance</display-name>
                <attribute attribute-id="CsSAType"/>
                <attribute attribute-id="CsPaMerchantId"/>
                <attribute attribute-id="CsPaMerchantName"/>
                <attribute attribute-id="CsPaEnableProofXML"/>
                <attribute attribute-id="CsPaSaveParesStatus"/>
                <attribute attribute-id="SAPostCustomerServiceEmail"/>
                <attribute attribute-id="SA_Redirect_ProfileID"/>
                <attribute attribute-id="SA_Redirect_SecretKey"/>
                <attribute attribute-id="SA_Redirect_AccessKey"/>
                <attribute attribute-id="SA_Silent_ProfileID"/>
                <attribute attribute-id="SA_Silent_SecretKey"/>
                <attribute attribute-id="SA_Silent_AccessKey"/>
                <attribute attribute-id="CsSAOverrideBillingAddress"/>
                <attribute attribute-id="CsSAOverrideShippingAddress"/>
                <attribute attribute-id="CsSARedirectFormAction"/>
                <attribute attribute-id="CsSAIframetFormAction"/>
                <attribute attribute-id="SA_Iframe_AccessKey"/>
                <attribute attribute-id="SA_Iframe_ProfileID"/>
                <attribute attribute-id="SA_Iframe_SecretKey"/>
                <attribute attribute-id="CsCvnDeclineFlags"/>
                <attribute attribute-id="Secure_Acceptance_Token_Update_Endpoint"/>
                <attribute attribute-id="Secure_Acceptance_Token_Create_Endpoint"/>
                <attribute attribute-id="SA_Flex_SharedSecret"/>
                <attribute attribute-id="SA_Flex_KeyID"/>
                <attribute attribute-id="SA_Flex_HostName"/>
                <attribute attribute-id="SA_Flex_DateLocale"/>
            </attribute-group>
        </group-definitions>
    </type-extension>
    </metadata>