<?xml version="1.0" encoding="UTF-8"?>
<metadata xmlns="http://www.demandware.com/xml/impex/metadata/2006-10-31">
    <type-extension type-id="SitePreferences">
        <custom-attribute-definitions>
            <attribute-definition attribute-id="klarnaJSAPIPath">
                <display-name xml:lang="x-default">Klarna JS API Path</display-name>
                <description xml:lang="x-default">Klarna JS API Path</description>
                <type>string</type>
                <mandatory-flag>false</mandatory-flag>
                <externally-managed-flag>false</externally-managed-flag>
                <min-length>0</min-length>
                <default-value>https://credit.klarnacdn.net/lib/v1/api.js</default-value>
            </attribute-definition>
            <attribute-definition attribute-id="isKlarnaRedirectionRequired">
                <display-name xml:lang="x-default">Klarna Merchant URL Redirection Required</display-name>
                <description xml:lang="x-default">Klarna Merchant URL Redirection Required</description>
                <type>boolean</type>
                <mandatory-flag>false</mandatory-flag>
                <externally-managed-flag>false</externally-managed-flag>
                <default-value>true</default-value>
            </attribute-definition>
			<attribute-definition attribute-id="isKlarnaDecisionManagerRequired">
                <display-name xml:lang="x-default">Klarna Decision Manager Required</display-name>
                <description xml:lang="x-default">Klarna Decision Manager Required</description>
                <type>boolean</type>
                <mandatory-flag>false</mandatory-flag>
                <externally-managed-flag>false</externally-managed-flag>
                <default-value>true</default-value>
            </attribute-definition>
        </custom-attribute-definitions>
        <group-definitions>
            <attribute-group group-id="CyberSource_Klarna">
                <display-name xml:lang="x-default">CyberSource: Klarna</display-name>
                <attribute attribute-id="isKlarnaRedirectionRequired"/>
                <attribute attribute-id="klarnaJSAPIPath"/>
				<attribute attribute-id="isKlarnaDecisionManagerRequired"/>
            </attribute-group>
        </group-definitions>
    </type-extension>
    </metadata>