<?xml version="1.0" encoding="UTF-8"?>
<metadata xmlns="http://www.demandware.com/xml/impex/metadata/2006-10-31">
    <type-extension type-id="SitePreferences">
        <custom-attribute-definitions>
            <attribute-definition attribute-id="enableGooglePay">
                <display-name xml:lang="x-default">EnableGooglePay</display-name>
                <type>boolean</type>
                <mandatory-flag>false</mandatory-flag>
                <externally-managed-flag>false</externally-managed-flag>
            </attribute-definition>
            <attribute-definition attribute-id="googlePayMerchantID">
                <display-name xml:lang="x-default">googlePayMerchantID</display-name>
                <type>string</type>
                <mandatory-flag>false</mandatory-flag>
                <externally-managed-flag>false</externally-managed-flag>
                <min-length>0</min-length>
            </attribute-definition>
            <attribute-definition attribute-id="googlePaygatewayMerchantId">
                <display-name xml:lang="x-default">googlePaygatewayMerchantId</display-name>
                <type>string</type>
                <mandatory-flag>false</mandatory-flag>
                <externally-managed-flag>false</externally-managed-flag>
                <min-length>0</min-length>
            </attribute-definition>
        </custom-attribute-definitions>
        <group-definitions>
        <attribute-group group-id="CyberSource_GooglePay">
            <display-name xml:lang="x-default">CyberSource: GooglePay</display-name>
            <attribute attribute-id="enableGooglePay"/>
            <attribute attribute-id="googlePayMerchantID"/>
            <attribute attribute-id="googlePaygatewayMerchantId"/>
        </attribute-group>
        </group-definitions>
    </type-extension>
    </metadata>