<?xml version="1.0" encoding="UTF-8"?>
<metadata xmlns="http://www.demandware.com/xml/impex/metadata/2006-10-31">
    <type-extension type-id="SitePreferences">
        <custom-attribute-definitions>
            <attribute-definition attribute-id="enableGooglePay">
                <display-name xml:lang="x-default">EnableGooglePay</display-name>
                <type>boolean</type>
                <mandatory-flag>false</mandatory-flag>
                <externally-managed-flag>false</externally-managed-flag>
            </attribute-definition>
            <attribute-definition attribute-id="googlePayMerchantID">
                <display-name xml:lang="x-default">googlePayMerchantID</display-name>
                <type>string</type>
                <mandatory-flag>false</mandatory-flag>
                <externally-managed-flag>false</externally-managed-flag>
                <min-length>0</min-length>
            </attribute-definition>
            <attribute-definition attribute-id="googlePaygatewayMerchantId">
                <display-name xml:lang="x-default">googlePaygatewayMerchantId</display-name>
                <type>string</type>
                <mandatory-flag>false</mandatory-flag>
                <externally-managed-flag>false</externally-managed-flag>
                <min-length>0</min-length>
            </attribute-definition>
            <attribute-definition attribute-id="googlePayTransactionType">
                <display-name xml:lang="x-default">Google Pay Transaction Type</display-name>
                <description xml:lang="x-default">Select Auth/Sale transaction</description>
                <type>enum-of-string</type>
                <mandatory-flag>true</mandatory-flag>
                <externally-managed-flag>false</externally-managed-flag>
                <value-definitions>
                    <value-definition>
                        <display xml:lang="x-default">Auth</display>
                        <value>authorization</value>
                    </value-definition>
                    <value-definition>
                        <display xml:lang="x-default">Sale</display>
                        <value>sale</value>
                    </value-definition>
                </value-definitions>
            </attribute-definition>
        </custom-attribute-definitions>
        <group-definitions>
        <attribute-group group-id="CyberSource_GooglePay">
            <display-name xml:lang="x-default">CyberSource: GooglePay</display-name>
            <attribute attribute-id="enableGooglePay"/>
            <attribute attribute-id="googlePayMerchantID"/>
            <attribute attribute-id="googlePaygatewayMerchantId"/>
            <attribute attribute-id="googlePayTransactionType"/>
        </attribute-group>
        </group-definitions>
    </type-extension>
    </metadata>