<?xml version="1.0" encoding="UTF-8"?>
<metadata xmlns="http://www.demandware.com/xml/impex/metadata/2006-10-31">
    <type-extension type-id="SitePreferences">
        <custom-attribute-definitions>
            <attribute-definition attribute-id="csCardDecisionManagerEnable">
                <display-name xml:lang="x-default">CS Decision Manager Enabled</display-name>
                <type>boolean</type>
                <mandatory-flag>false</mandatory-flag>
                <externally-managed-flag>false</externally-managed-flag>
                <default-value>true</default-value>
            </attribute-definition>
            <attribute-definition attribute-id="CsOrderImportLookBack">
                <display-name xml:lang="x-default">CS Decision Manager OrderUpdate Lookback time </display-name>
                <description xml:lang="x-default">Time, in hours to look back for new decisions when running the Decision Manager Order Update job.</description>
                <type>int</type>
                <mandatory-flag>false</mandatory-flag>
                <externally-managed-flag>false</externally-managed-flag>
                <min-value>0.0</min-value>
                <default-value>24</default-value>
            </attribute-definition>
            <attribute-definition attribute-id="isDecisionManagerEnable">
                <display-name xml:lang="x-default">Decision Manager Enable for Paypal</display-name>
                <description xml:lang="x-default">Decision Manager Enable for Paypal</description>
                <type>boolean</type>
                <mandatory-flag>false</mandatory-flag>
                <externally-managed-flag>false</externally-managed-flag>
                <default-value>false</default-value>
            </attribute-definition>
            <attribute-definition attribute-id="isKlarnaDecisionManagerRequired">
                <display-name xml:lang="x-default">Klarna Decision Manager Required</display-name>
                <description xml:lang="x-default">Klarna Decision Manager Required</description>
                <type>boolean</type>
                <mandatory-flag>false</mandatory-flag>
                <externally-managed-flag>false</externally-managed-flag>
                <default-value>true</default-value>
            </attribute-definition>
            <attribute-definition attribute-id="IsBankTransferDMEnabled">
                <display-name xml:lang="x-default">Decision Manager Enabled for Bank Transfer</display-name>
                <description xml:lang="x-default">Is Bank Transfer Decision Manager Enabled?</description>
                <type>boolean</type>
                <mandatory-flag>false</mandatory-flag>
                <externally-managed-flag>false</externally-managed-flag>
                <default-value>true</default-value>
            </attribute-definition>
        </custom-attribute-definitions>
        <group-definitions>
            <attribute-group group-id="CyberSource_DecisionManager">
                <display-name xml:lang="x-default">Cybersource: Decision Manager Configuration</display-name>
                <attribute attribute-id="csCardDecisionManagerEnable"/>
                <attribute attribute-id="CsOrderImportLookBack"/>
                <attribute attribute-id="isDecisionManagerEnable"/>
                <attribute attribute-id="isKlarnaDecisionManagerRequired"/>
                <attribute attribute-id="IsBankTransferDMEnabled"/>
            </attribute-group>
        </group-definitions>
    </type-extension>
    </metadata>