<?xml version="1.0" encoding="UTF-8"?>
<metadata xmlns="http://www.demandware.com/xml/impex/metadata/2006-10-31">
    <type-extension type-id="Basket">
        <custom-attribute-definitions>
            <attribute-definition attribute-id="CybersourceFraudDecision">
                <display-name xml:lang="x-default">Cybersource Fraud Decision</display-name>
                <type>string</type>
                <mandatory-flag>false</mandatory-flag>
                <externally-managed-flag>false</externally-managed-flag>
                <min-length>0</min-length>
            </attribute-definition>
        </custom-attribute-definitions>
    </type-extension>

    <type-extension type-id="CustomerPaymentInstrument">
        <system-attribute-definitions>
            <attribute-definition attribute-id="UUID">
                <min-length>0</min-length>
                <field-length>28</field-length>
            </attribute-definition>
            <attribute-definition attribute-id="bankAccountDriversLicense">
                <min-length>0</min-length>
            </attribute-definition>
            <attribute-definition attribute-id="bankAccountDriversLicenseStateCode">
                <min-length>0</min-length>
            </attribute-definition>
            <attribute-definition attribute-id="bankAccountHolder">
                <min-length>0</min-length>
            </attribute-definition>
            <attribute-definition attribute-id="bankRoutingNumber">
                <min-length>0</min-length>
            </attribute-definition>
            <attribute-definition attribute-id="creationDate"/>
            <attribute-definition attribute-id="creditCardExpirationMonth"/>
            <attribute-definition attribute-id="creditCardExpirationYear"/>
            <attribute-definition attribute-id="creditCardHolder">
                <min-length>0</min-length>
            </attribute-definition>
            <attribute-definition attribute-id="creditCardIssueNumber">
                <min-length>0</min-length>
            </attribute-definition>
            <attribute-definition attribute-id="creditCardType">
                <min-length>0</min-length>
            </attribute-definition>
            <attribute-definition attribute-id="creditCardValidFromMonth"/>
            <attribute-definition attribute-id="creditCardValidFromYear"/>
            <attribute-definition attribute-id="lastModified"/>
            <attribute-definition attribute-id="paymentMethod">
                <min-length>0</min-length>
            </attribute-definition>
        </system-attribute-definitions>
        <custom-attribute-definitions>
            <attribute-definition attribute-id="isCSToken">
                <display-name xml:lang="x-default">Cybersource CC Token</display-name>
                <description xml:lang="x-default">Identifies whether the CC Token is generated by Cybersource</description>
                <type>boolean</type>
                <mandatory-flag>false</mandatory-flag>
                <externally-managed-flag>false</externally-managed-flag>
            </attribute-definition>
            <attribute-definition attribute-id="subscriptionID">
                <display-name xml:lang="x-default">CYBS subscriptionID</display-name>
                <type>string</type>
                <mandatory-flag>false</mandatory-flag>
                <externally-managed-flag>false</externally-managed-flag>
                <min-length>0</min-length>
            </attribute-definition>
        </custom-attribute-definitions>
        <group-definitions>
            <attribute-group group-id="CyberSource Attributes">
                <display-name xml:lang="x-default">CyberSource Attributes</display-name>
                <attribute attribute-id="isCSToken"/>
                <attribute attribute-id="subscriptionID"/>
            </attribute-group>
        </group-definitions>
    </type-extension>

    <type-extension type-id="OrderPaymentInstrument">
        <system-attribute-definitions>
            <attribute-definition attribute-id="UUID">
                <min-length>0</min-length>
                <field-length>28</field-length>
            </attribute-definition>
            <attribute-definition attribute-id="bankAccountDriversLicense">
                <min-length>0</min-length>
            </attribute-definition>
            <attribute-definition attribute-id="bankAccountDriversLicenseStateCode">
                <min-length>0</min-length>
            </attribute-definition>
            <attribute-definition attribute-id="bankAccountHolder">
                <min-length>0</min-length>
            </attribute-definition>
            <attribute-definition attribute-id="bankRoutingNumber">
                <min-length>0</min-length>
            </attribute-definition>
            <attribute-definition attribute-id="creationDate"/>
            <attribute-definition attribute-id="creditCardExpirationMonth"/>
            <attribute-definition attribute-id="creditCardExpirationYear"/>
            <attribute-definition attribute-id="creditCardHolder">
                <min-length>0</min-length>
            </attribute-definition>
            <attribute-definition attribute-id="creditCardIssueNumber">
                <min-length>0</min-length>
            </attribute-definition>
            <attribute-definition attribute-id="creditCardNumber">
                <min-length>0</min-length>
            </attribute-definition>
            <attribute-definition attribute-id="creditCardType">
                <min-length>0</min-length>
            </attribute-definition>
            <attribute-definition attribute-id="creditCardValidFromMonth"/>
            <attribute-definition attribute-id="creditCardValidFromYear"/>
            <attribute-definition attribute-id="lastModified"/>
            <attribute-definition attribute-id="paymentMethod">
                <min-length>0</min-length>
            </attribute-definition>
        </system-attribute-definitions>
        <custom-attribute-definitions>
            <attribute-definition attribute-id="PayerAuthSetupReferenceID">
                <display-name xml:lang="x-default">Payer Auth Setup Reference ID</display-name>
                <type>string</type>
                <mandatory-flag>false</mandatory-flag>
                <externally-managed-flag>false</externally-managed-flag>
                <min-length>0</min-length>
            </attribute-definition>
            <attribute-definition attribute-id="isGooglePaycardHolderAuthenticated">
                <display-name xml:lang="x-default">Google Pay Card Holder Authenticated</display-name>
                <type>boolean</type>
                <mandatory-flag>false</mandatory-flag>
                <externally-managed-flag>false</externally-managed-flag>
                <min-length>0</min-length>
            </attribute-definition>
            <attribute-definition attribute-id="GooglePayEncryptedData">
                <display-name xml:lang="x-default">Google Pay Encrypted Data</display-name>
                <type>string</type>
                <mandatory-flag>false</mandatory-flag>
                <externally-managed-flag>false</externally-managed-flag>
                <min-length>0</min-length>
            </attribute-definition>
            <attribute-definition attribute-id="avsCodeRaw">
                <display-name xml:lang="x-default">avsCodeRaw</display-name>
                <type>string</type>
                <mandatory-flag>false</mandatory-flag>
                <externally-managed-flag>false</externally-managed-flag>
                <min-length>0</min-length>
            </attribute-definition>
            <attribute-definition attribute-id="callId">
                <display-name xml:lang="x-default">callId</display-name>
                <type>string</type>
                <mandatory-flag>false</mandatory-flag>
                <externally-managed-flag>false</externally-managed-flag>
                <min-length>0</min-length>
            </attribute-definition>
            <attribute-definition attribute-id="cardArtFileName">
                <display-name xml:lang="x-default">cardArtFileName</display-name>
                <type>string</type>
                <mandatory-flag>false</mandatory-flag>
                <externally-managed-flag>false</externally-managed-flag>
                <min-length>0</min-length>
            </attribute-definition>
            <attribute-definition attribute-id="cardArtHeight">
                <display-name xml:lang="x-default">cardArtHeight</display-name>
                <type>string</type>
                <mandatory-flag>false</mandatory-flag>
                <externally-managed-flag>false</externally-managed-flag>
                <min-length>0</min-length>
            </attribute-definition>
            <attribute-definition attribute-id="cardArtWidth">
                <display-name xml:lang="x-default">cardArtWidth</display-name>
                <type>string</type>
                <mandatory-flag>false</mandatory-flag>
                <externally-managed-flag>false</externally-managed-flag>
                <min-length>0</min-length>
            </attribute-definition>
            <attribute-definition attribute-id="cavv">
                <display-name xml:lang="x-default">cavv</display-name>
                <type>string</type>
                <mandatory-flag>false</mandatory-flag>
                <externally-managed-flag>false</externally-managed-flag>
                <min-length>0</min-length>
            </attribute-definition>
            <attribute-definition attribute-id="eciRaw">
                <display-name xml:lang="x-default">eciRaw</display-name>
                <type>string</type>
                <mandatory-flag>false</mandatory-flag>
                <externally-managed-flag>false</externally-managed-flag>
                <min-length>0</min-length>
            </attribute-definition>
            <attribute-definition attribute-id="paresStatus">
                <display-name xml:lang="x-default">paresStatus</display-name>
                <type>string</type>
                <mandatory-flag>false</mandatory-flag>
                <externally-managed-flag>false</externally-managed-flag>
                <min-length>0</min-length>
            </attribute-definition>
            <attribute-definition attribute-id="paresTimeStamp">
                <display-name xml:lang="x-default">paresTimeStamp</display-name>
                <type>string</type>
                <mandatory-flag>false</mandatory-flag>
                <externally-managed-flag>false</externally-managed-flag>
                <min-length>0</min-length>
            </attribute-definition>
            <attribute-definition attribute-id="riskAdvice">
                <display-name xml:lang="x-default">riskAdvice</display-name>
                <type>string</type>
                <mandatory-flag>false</mandatory-flag>
                <externally-managed-flag>false</externally-managed-flag>
                <min-length>0</min-length>
            </attribute-definition>
            <attribute-definition attribute-id="riskScore">
                <display-name xml:lang="x-default">riskScore</display-name>
                <type>string</type>
                <mandatory-flag>false</mandatory-flag>
                <externally-managed-flag>false</externally-managed-flag>
                <min-length>0</min-length>
            </attribute-definition>
            <attribute-definition attribute-id="savecard">
                <display-name xml:lang="x-default">savecard</display-name>
                <type>boolean</type>
                <mandatory-flag>false</mandatory-flag>
                <externally-managed-flag>false</externally-managed-flag>
            </attribute-definition>
            <attribute-definition attribute-id="vcDecryptReasonCode">
                <display-name xml:lang="x-default">vcDecryptReasonCode</display-name>
                <type>string</type>
                <mandatory-flag>false</mandatory-flag>
                <externally-managed-flag>false</externally-managed-flag>
                <min-length>0</min-length>
            </attribute-definition>
            <attribute-definition attribute-id="vcDecryptRequestId">
                <display-name xml:lang="x-default">vcDecryptRequestId</display-name>
                <type>string</type>
                <mandatory-flag>false</mandatory-flag>
                <externally-managed-flag>false</externally-managed-flag>
                <min-length>0</min-length>
            </attribute-definition>
            <attribute-definition attribute-id="veresEnrolled">
                <display-name xml:lang="x-default">veresEnrolled</display-name>
                <type>string</type>
                <mandatory-flag>false</mandatory-flag>
                <externally-managed-flag>false</externally-managed-flag>
                <min-length>0</min-length>
            </attribute-definition>
            <attribute-definition attribute-id="veresTimeStamp">
                <display-name xml:lang="x-default">veresTimeStamp</display-name>
                <type>string</type>
                <mandatory-flag>false</mandatory-flag>
                <externally-managed-flag>false</externally-managed-flag>
                <min-length>0</min-length>
            </attribute-definition>
            <attribute-definition attribute-id="xid">
                <display-name xml:lang="x-default">xid</display-name>
                <type>string</type>
                <mandatory-flag>false</mandatory-flag>
                <externally-managed-flag>false</externally-managed-flag>
                <min-length>0</min-length>
            </attribute-definition>
        </custom-attribute-definitions>
        <group-definitions>
            <attribute-group group-id="PayerAuth">
                <attribute attribute-id="PayerAuthSetupReferenceID"/>
            </attribute-group>
            <attribute-group group-id="VisaCheckout">
                <display-name xml:lang="x-default">Visa Checkout</display-name>
            </attribute-group>
            <attribute-group group-id="GooglePay">
                <attribute attribute-id="isGooglePaycardHolderAuthenticated"/>
                <attribute attribute-id="GooglePayEncryptedData"/>
            </attribute-group>
            <attribute-group group-id="cybersource">
                <display-name xml:lang="x-default">cybersource</display-name>
                <attribute attribute-id="callId"/>
                <attribute attribute-id="cardArtFileName"/>
                <attribute attribute-id="cardArtHeight"/>
                <attribute attribute-id="cardArtWidth"/>
                <attribute attribute-id="avsCodeRaw"/>
                <attribute attribute-id="cavv"/>
                <attribute attribute-id="eciRaw"/>
                <attribute attribute-id="paresStatus"/>
                <attribute attribute-id="vcDecryptReasonCode"/>
                <attribute attribute-id="vcDecryptRequestId"/>
                <attribute attribute-id="veresEnrolled"/>
                <attribute attribute-id="riskScore"/>
                <attribute attribute-id="riskAdvice"/>
                <attribute attribute-id="paresTimeStamp"/>
                <attribute attribute-id="veresTimeStamp"/>
                <attribute attribute-id="xid"/>
                <attribute attribute-id="savecard"/>
            </attribute-group>
            <attribute-group group-id="custom">
                <display-name xml:lang="x-default">custom</display-name>
            </attribute-group>
        </group-definitions>
    </type-extension>

    <type-extension type-id="PaymentCard">
        <system-attribute-definitions>
            <attribute-definition attribute-id="UUID">
                <min-length>0</min-length>
                <field-length>28</field-length>
            </attribute-definition>
            <attribute-definition attribute-id="cardType">
                <min-length>0</min-length>
            </attribute-definition>
            <attribute-definition attribute-id="creationDate"/>
            <attribute-definition attribute-id="description"/>
            <attribute-definition attribute-id="image"/>
            <attribute-definition attribute-id="lastModified"/>
            <attribute-definition attribute-id="name">
                <min-length>0</min-length>
            </attribute-definition>
        </system-attribute-definitions>
        <custom-attribute-definitions>
            <attribute-definition attribute-id="csEnablePayerAuthentication">
                <display-name xml:lang="x-default">Enable Payer Authenticaton</display-name>
                <type>boolean</type>
                <mandatory-flag>true</mandatory-flag>
                <externally-managed-flag>false</externally-managed-flag>
            </attribute-definition>
        </custom-attribute-definitions>
        <group-definitions>
            <attribute-group group-id="PayerAuth">
                <display-name xml:lang="x-default">Payer Authentication</display-name>
                <attribute attribute-id="csEnablePayerAuthentication"/>
            </attribute-group>
        </group-definitions>
    </type-extension>

    <type-extension type-id="PaymentMethod">
        <system-attribute-definitions>
            <attribute-definition attribute-id="ID">
                <min-length>0</min-length>
            </attribute-definition>
            <attribute-definition attribute-id="UUID">
                <min-length>0</min-length>
                <field-length>28</field-length>
            </attribute-definition>
            <attribute-definition attribute-id="creationDate"/>
            <attribute-definition attribute-id="description"/>
            <attribute-definition attribute-id="image"/>
            <attribute-definition attribute-id="lastModified"/>
            <attribute-definition attribute-id="name">
                <min-length>0</min-length>
            </attribute-definition>
        </system-attribute-definitions>
        <custom-attribute-definitions>
            <attribute-definition attribute-id="isBicEnabled">
                <display-name xml:lang="x-default">Is Bic Enabled</display-name>
                <description xml:lang="x-default">Check the checkbox if BIC filed is required.</description>
                <type>boolean</type>
                <mandatory-flag>false</mandatory-flag>
                <externally-managed-flag>false</externally-managed-flag>
            </attribute-definition>
            <attribute-definition attribute-id="isSupportedBankListRequired">
                <display-name xml:lang="x-default">Is Supported Bank List Required</display-name>
                <description xml:lang="x-default">To populate the supported bank list.</description>
                <type>boolean</type>
                <mandatory-flag>false</mandatory-flag>
                <externally-managed-flag>false</externally-managed-flag>
            </attribute-definition>
            <attribute-definition attribute-id="klarnaLocale">
                <display-name xml:lang="x-default">Bill-to Language</display-name>
                <type>enum-of-string</type>
                <localizable-flag>true</localizable-flag>
                <mandatory-flag>false</mandatory-flag>
                <externally-managed-flag>false</externally-managed-flag>
                <value-definitions>
                    <value-definition>
                        <display xml:lang="x-default">Danish-Denmark</display>
                        <value>DA-DK</value>
                    </value-definition>
                    <value-definition>
                        <display xml:lang="x-default">German-Austria</display>
                        <value>DE-AT</value>
                    </value-definition>
                    <value-definition>
                        <display xml:lang="x-default">German-Germany</display>
                        <value>DE-DE</value>
                    </value-definition>
                    <value-definition>
                        <display xml:lang="x-default">English-United Kingdom</display>
                        <value>EN-GB</value>
                    </value-definition>
                    <value-definition>
                        <display xml:lang="x-default">English-United States</display>
                        <value>EN-US</value>
                    </value-definition>
                    <value-definition>
                        <display xml:lang="x-default">Finnish-Finland</display>
                        <value>FI-FI</value>
                    </value-definition>
                    <value-definition>
                        <display xml:lang="x-default">Norwegian-Norway</display>
                        <value>NB-NO</value>
                    </value-definition>
                    <value-definition>
                        <display xml:lang="x-default">Dutch-Netherlands</display>
                        <value>NL-NL</value>
                    </value-definition>
                    <value-definition>
                        <display xml:lang="x-default">Swedish-Finland</display>
                        <value>SV-FI</value>
                    </value-definition>
                    <value-definition>
                        <display xml:lang="x-default">Swedish-Sweden</display>
                        <value>SV-SE</value>
                    </value-definition>
                </value-definitions>
            </attribute-definition>
            <attribute-definition attribute-id="paymentType">
                <display-name xml:lang="x-default">Payment Type</display-name>
                <description xml:lang="x-default">Payment Type</description>
                <type>enum-of-string</type>
                <localizable-flag>false</localizable-flag>
                <mandatory-flag>false</mandatory-flag>
                <externally-managed-flag>false</externally-managed-flag>
                <value-definitions>
                    <value-definition>
                        <display xml:lang="x-default">SOFORT</display>
                        <value>SOF</value>
                    </value-definition>
                    <value-definition>
                        <display xml:lang="x-default">BANCONTACT</display>
                        <value>MCH</value>
                    </value-definition>
                    <value-definition>
                        <display xml:lang="x-default">IDEAL</display>
                        <value>IDL</value>
                    </value-definition>
                    <value-definition>
                        <display xml:lang="x-default">Test</display>
                        <value>Test</value>
                    </value-definition>
                    <value-definition>
                        <display xml:lang="x-default">Demo</display>
                        <value>Demo</value>
                    </value-definition>
                </value-definitions>
            </attribute-definition>
        </custom-attribute-definitions>
        <group-definitions>
            <attribute-group group-id="custom">
                <display-name xml:lang="x-default">Custom</display-name>
                <attribute attribute-id="paymentType"/>
            </attribute-group>
            <attribute-group group-id="BankTransferOptions">
                <display-name xml:lang="x-default">Bank Transfer Options</display-name>
                <attribute attribute-id="isSupportedBankListRequired"/>
                <attribute attribute-id="isBicEnabled"/>
            </attribute-group>
            <attribute-group group-id="Klarna">
                <display-name xml:lang="x-default">Klarna</display-name>
                <attribute attribute-id="klarnaLocale"/>
            </attribute-group>
        </group-definitions>
    </type-extension>
    <type-extension type-id="PaymentTransaction">
        <system-attribute-definitions>
            <attribute-definition attribute-id="UUID">
                <min-length>0</min-length>
                <field-length>28</field-length>
            </attribute-definition>
            <attribute-definition attribute-id="creationDate"/>
            <attribute-definition attribute-id="lastModified"/>
            <attribute-definition attribute-id="transactionID">
                <min-length>0</min-length>
            </attribute-definition>
            <attribute-definition attribute-id="type">
                <value-definitions immutable="true">
                    <value-definition>
                        <display xml:lang="x-default">Authorization</display>
                        <value>TYPE_AUTH</value>
                    </value-definition>
                    <value-definition>
                        <display xml:lang="x-default">Authorization Reversal</display>
                        <value>TYPE_AUTH_REVERSAL</value>
                    </value-definition>
                    <value-definition>
                        <display xml:lang="x-default">Capture</display>
                        <value>TYPE_CAPTURE</value>
                    </value-definition>
                    <value-definition>
                        <display xml:lang="x-default">Credit</display>
                        <value>TYPE_CREDIT</value>
                    </value-definition>
                </value-definitions>
            </attribute-definition>
        </system-attribute-definitions>
        <custom-attribute-definitions>
            <attribute-definition attribute-id="AmountPaid">
                <display-name xml:lang="x-default">Amount Paid</display-name>
                <type>double</type>
                <mandatory-flag>false</mandatory-flag>
                <externally-managed-flag>false</externally-managed-flag>
            </attribute-definition>
            <attribute-definition attribute-id="apInitiatePaymentReconciliationID">
                <display-name xml:lang="x-default">Initiate Payment Reconciliation ID</display-name>
                <description xml:lang="x-default">Reconciliation ID for InitiatePayment Service</description>
                <type>string</type>
                <mandatory-flag>false</mandatory-flag>
                <externally-managed-flag>false</externally-managed-flag>
                <min-length>0</min-length>
            </attribute-definition>
            <attribute-definition attribute-id="apInitiatePaymentRequestID">
                <display-name xml:lang="x-default">Initiate Payment Request ID</display-name>
                <description xml:lang="x-default">Initiate Payment Request ID</description>
                <type>string</type>
                <mandatory-flag>false</mandatory-flag>
                <externally-managed-flag>false</externally-managed-flag>
                <min-length>0</min-length>
            </attribute-definition>
            <attribute-definition attribute-id="apInitiatePaymentType">
                <display-name xml:lang="x-default">Initiate Payment Type</display-name>
                <description xml:lang="x-default">Initiate Payment Type</description>
                <type>string</type>
                <mandatory-flag>false</mandatory-flag>
                <externally-managed-flag>false</externally-managed-flag>
                <min-length>0</min-length>
            </attribute-definition>
            <attribute-definition attribute-id="apMerchantURL">
                <display-name xml:lang="x-default">Merchant URL</display-name>
                <description xml:lang="x-default">Merchant URL</description>
                <type>string</type>
                <mandatory-flag>false</mandatory-flag>
                <externally-managed-flag>false</externally-managed-flag>
                <min-length>0</min-length>
            </attribute-definition>
            <attribute-definition attribute-id="apPaymentStatus">
                <display-name xml:lang="x-default">Payment Status</display-name>
                <description xml:lang="x-default">Payment Status</description>
                <type>string</type>
                <mandatory-flag>false</mandatory-flag>
                <externally-managed-flag>false</externally-managed-flag>
                <min-length>0</min-length>
            </attribute-definition>
            <attribute-definition attribute-id="apSessionProcessorTID">
                <display-name xml:lang="x-default">Session Processor Transaction ID</display-name>
                <type>string</type>
                <mandatory-flag>false</mandatory-flag>
                <externally-managed-flag>false</externally-managed-flag>
                <min-length>0</min-length>
            </attribute-definition>
            <attribute-definition attribute-id="approvalStatus">
                <display-name xml:lang="x-default">Approval Status</display-name>
                <type>string</type>
                <mandatory-flag>false</mandatory-flag>
                <externally-managed-flag>false</externally-managed-flag>
                <min-length>0</min-length>
            </attribute-definition>
            <attribute-definition attribute-id="authAmount">
                <display-name xml:lang="x-default">Auth Amount</display-name>
                <type>string</type>
                <mandatory-flag>false</mandatory-flag>
                <externally-managed-flag>false</externally-managed-flag>
                <min-length>0</min-length>
            </attribute-definition>
            <attribute-definition attribute-id="authCode">
                <display-name xml:lang="x-default">Authorization Code</display-name>
                <type>string</type>
                <mandatory-flag>false</mandatory-flag>
                <externally-managed-flag>false</externally-managed-flag>
                <min-length>0</min-length>
            </attribute-definition>
            <attribute-definition attribute-id="authProcessorTID">
                <display-name xml:lang="x-default">Auth Processor Transaction ID</display-name>
                <type>string</type>
                <mandatory-flag>false</mandatory-flag>
                <externally-managed-flag>false</externally-managed-flag>
                <min-length>0</min-length>
            </attribute-definition>
            <attribute-definition attribute-id="authRequestID">
                <display-name xml:lang="x-default">Auth Request ID</display-name>
                <type>string</type>
                <mandatory-flag>false</mandatory-flag>
                <externally-managed-flag>false</externally-managed-flag>
                <min-length>0</min-length>
            </attribute-definition>
            <attribute-definition attribute-id="authRequestToken">
                <display-name xml:lang="x-default">Auth Request Token</display-name>
                <type>string</type>
                <mandatory-flag>false</mandatory-flag>
                <externally-managed-flag>false</externally-managed-flag>
                <min-length>0</min-length>
            </attribute-definition>
            <attribute-definition attribute-id="apPaymentType">
                <display-name xml:lang="x-default">Payment Type</display-name>
                <type>string</type>
                <mandatory-flag>false</mandatory-flag>
                <externally-managed-flag>false</externally-managed-flag>
                <min-length>0</min-length>
            </attribute-definition>
            <attribute-definition attribute-id="billingAgreementID">
                <display-name xml:lang="x-default">Billing Agreement ID</display-name>
                <type>string</type>
                <mandatory-flag>false</mandatory-flag>
                <externally-managed-flag>false</externally-managed-flag>
                <min-length>0</min-length>
            </attribute-definition>
            <attribute-definition attribute-id="billingAgreementStatus">
                <display-name xml:lang="x-default">Billing Agreement Status</display-name>
                <type>string</type>
                <mandatory-flag>false</mandatory-flag>
                <externally-managed-flag>false</externally-managed-flag>
                <min-length>0</min-length>
            </attribute-definition>
            <attribute-definition attribute-id="cardType">
                <display-name xml:lang="x-default">Card Type</display-name>
                <type>string</type>
                <mandatory-flag>false</mandatory-flag>
                <externally-managed-flag>false</externally-managed-flag>
                <min-length>0</min-length>
            </attribute-definition>
            <attribute-definition attribute-id="decision">
                <display-name xml:lang="x-default">Decision</display-name>
                <type>string</type>
                <mandatory-flag>false</mandatory-flag>
                <externally-managed-flag>false</externally-managed-flag>
                <min-length>0</min-length>
            </attribute-definition>
            <attribute-definition attribute-id="fundingSource">
                <display-name xml:lang="x-default">Funding Source</display-name>
                <type>string</type>
                <mandatory-flag>false</mandatory-flag>
                <externally-managed-flag>false</externally-managed-flag>
                <min-length>0</min-length>
            </attribute-definition>
            <attribute-definition attribute-id="orderID">
                <display-name xml:lang="x-default">Order ID</display-name>
                <type>string</type>
                <mandatory-flag>false</mandatory-flag>
                <externally-managed-flag>false</externally-managed-flag>
                <min-length>0</min-length>
            </attribute-definition>
            <attribute-definition attribute-id="orderRequestID">
                <display-name xml:lang="x-default">Order Request ID</display-name>
                <type>string</type>
                <mandatory-flag>false</mandatory-flag>
                <externally-managed-flag>false</externally-managed-flag>
                <min-length>0</min-length>
            </attribute-definition>
            <attribute-definition attribute-id="payerID">
                <display-name xml:lang="x-default">Payer ID</display-name>
                <type>string</type>
                <mandatory-flag>false</mandatory-flag>
                <externally-managed-flag>false</externally-managed-flag>
                <min-length>0</min-length>
            </attribute-definition>
            <attribute-definition attribute-id="paymentStatus">
                <display-name xml:lang="x-default">Payment Status</display-name>
                <type>string</type>
                <mandatory-flag>false</mandatory-flag>
                <externally-managed-flag>false</externally-managed-flag>
                <min-length>0</min-length>
            </attribute-definition>
            <attribute-definition attribute-id="paypalAutorizationId">
                <display-name xml:lang="x-default">Paypal Authorization Id</display-name>
                <description xml:lang="x-default">Paypal Authorization Id</description>
                <type>string</type>
                <mandatory-flag>false</mandatory-flag>
                <externally-managed-flag>false</externally-managed-flag>
                <min-length>0</min-length>
            </attribute-definition>
            <attribute-definition attribute-id="paypalCaptureCorrelationID">
                <display-name xml:lang="x-default">Paypal Capture Correlation ID</display-name>
                <description xml:lang="x-default">Paypal Capture Correlation ID</description>
                <type>string</type>
                <mandatory-flag>false</mandatory-flag>
                <externally-managed-flag>false</externally-managed-flag>
                <min-length>0</min-length>
            </attribute-definition>
            <attribute-definition attribute-id="paypalCaptureFeeAmount">
                <display-name xml:lang="x-default">Paypal Capture Fee Amount</display-name>
                <description xml:lang="x-default">Paypal Capture Fee Amount</description>
                <type>string</type>
                <mandatory-flag>false</mandatory-flag>
                <externally-managed-flag>false</externally-managed-flag>
                <min-length>0</min-length>
            </attribute-definition>
            <attribute-definition attribute-id="paypalCaptureRequestId">
                <display-name xml:lang="x-default">Paypal Capture Request ID</display-name>
                <description xml:lang="x-default">Paypal Capture Request ID</description>
                <type>string</type>
                <mandatory-flag>false</mandatory-flag>
                <externally-managed-flag>false</externally-managed-flag>
                <min-length>0</min-length>
            </attribute-definition>
            <attribute-definition attribute-id="paypalCaptureRequestToken">
                <display-name xml:lang="x-default">Paypal Capture Request Token</display-name>
                <description xml:lang="x-default">Paypal Capture Request Token</description>
                <type>string</type>
                <mandatory-flag>false</mandatory-flag>
                <externally-managed-flag>false</externally-managed-flag>
                <min-length>0</min-length>
            </attribute-definition>
            <attribute-definition attribute-id="paypalCaptureTransactionID">
                <display-name xml:lang="x-default">Paypal Capture Transaction ID</display-name>
                <type>string</type>
                <mandatory-flag>false</mandatory-flag>
                <externally-managed-flag>false</externally-managed-flag>
                <min-length>0</min-length>
            </attribute-definition>
            <attribute-definition attribute-id="paypalParentTransactionId">
                <display-name xml:lang="x-default">Paypal Parent Transaction Id</display-name>
                <description xml:lang="x-default">Paypal Parent Transaction Id</description>
                <type>string</type>
                <mandatory-flag>false</mandatory-flag>
                <externally-managed-flag>false</externally-managed-flag>
                <min-length>0</min-length>
            </attribute-definition>
            <attribute-definition attribute-id="paypalPaymentStatus">
                <display-name xml:lang="x-default">Paypal Payment Status</display-name>
                <type>string</type>
                <mandatory-flag>false</mandatory-flag>
                <externally-managed-flag>false</externally-managed-flag>
                <min-length>0</min-length>
            </attribute-definition>
            <attribute-definition attribute-id="paypalReceiptId">
                <display-name xml:lang="x-default">Paypal Receipt Id</display-name>
                <description xml:lang="x-default">Paypal Receipt Id</description>
                <type>string</type>
                <mandatory-flag>false</mandatory-flag>
                <externally-managed-flag>false</externally-managed-flag>
                <min-length>0</min-length>
            </attribute-definition>
            <attribute-definition attribute-id="processorFraudDecisionReason">
                <display-name xml:lang="x-default">Processor Fraud Decision Reason</display-name>
                <type>string</type>
                <mandatory-flag>false</mandatory-flag>
                <externally-managed-flag>false</externally-managed-flag>
                <min-length>0</min-length>
            </attribute-definition>
            <attribute-definition attribute-id="processorResponse">
                <display-name xml:lang="x-default">Order processor response</display-name>
                <type>string</type>
                <mandatory-flag>false</mandatory-flag>
                <externally-managed-flag>false</externally-managed-flag>
                <min-length>0</min-length>
            </attribute-definition>
            <attribute-definition attribute-id="proofXML">
                <display-name xml:lang="x-default">Payer Authentication Proof.xml</display-name>
                <type>string</type>
                <mandatory-flag>false</mandatory-flag>
                <externally-managed-flag>false</externally-managed-flag>
                <min-length>0</min-length>
                <field-length>0</field-length>
            </attribute-definition>
            <attribute-definition attribute-id="reconsilationID">
                <display-name xml:lang="x-default">Reconsilation ID</display-name>
                <type>string</type>
                <mandatory-flag>false</mandatory-flag>
                <externally-managed-flag>false</externally-managed-flag>
                <min-length>0</min-length>
            </attribute-definition>
            <attribute-definition attribute-id="requestId">
                <display-name xml:lang="x-default">Request ID</display-name>
                <type>string</type>
                <mandatory-flag>false</mandatory-flag>
                <externally-managed-flag>false</externally-managed-flag>
                <min-length>0</min-length>
            </attribute-definition>
            <attribute-definition attribute-id="requestToken">
                <display-name xml:lang="x-default">Request Token</display-name>
                <type>string</type>
                <mandatory-flag>false</mandatory-flag>
                <externally-managed-flag>false</externally-managed-flag>
                <min-length>0</min-length>
            </attribute-definition>
            <attribute-definition attribute-id="saleProcessorTID">
                <display-name xml:lang="x-default">Sale Processor Transaction  ID</display-name>
                <type>string</type>
                <mandatory-flag>false</mandatory-flag>
                <externally-managed-flag>false</externally-managed-flag>
                <min-length>0</min-length>
            </attribute-definition>
            <attribute-definition attribute-id="saleRequestID">
                <display-name xml:lang="x-default">Sale Request ID</display-name>
                <type>string</type>
                <mandatory-flag>false</mandatory-flag>
                <externally-managed-flag>false</externally-managed-flag>
                <min-length>0</min-length>
            </attribute-definition>
            <attribute-definition attribute-id="saleRequestToken">
                <display-name xml:lang="x-default">Sale Request Token</display-name>
                <type>string</type>
                <mandatory-flag>false</mandatory-flag>
                <externally-managed-flag>false</externally-managed-flag>
                <min-length>0</min-length>
            </attribute-definition>
        </custom-attribute-definitions>
        <group-definitions>
            <attribute-group group-id="Custom">
                <display-name xml:lang="x-default">Custom</display-name>
                <attribute attribute-id="proofXML"/>
            </attribute-group>
        </group-definitions>
    </type-extension>

    <type-extension type-id="Profile">
        <system-attribute-definitions>
            <attribute-definition attribute-id="UUID">
                <min-length>0</min-length>
                <field-length>28</field-length>
            </attribute-definition>
            <attribute-definition attribute-id="birthday"/>
            <attribute-definition attribute-id="companyName">
                <min-length>0</min-length>
                <field-length>10</field-length>
            </attribute-definition>
            <attribute-definition attribute-id="creationDate"/>
            <attribute-definition attribute-id="customerNo">
                <min-length>0</min-length>
            </attribute-definition>
            <attribute-definition attribute-id="email">
                <field-length>75</field-length>
            </attribute-definition>
            <attribute-definition attribute-id="fax">
                <min-length>0</min-length>
                <field-length>32</field-length>
            </attribute-definition>
            <attribute-definition attribute-id="firstName">
                <min-length>0</min-length>
                <field-length>25</field-length>
            </attribute-definition>
            <attribute-definition attribute-id="gender">
                <value-definitions>
                    <value-definition>
                        <display xml:lang="x-default">Male</display>
                        <value>1</value>
                    </value-definition>
                    <value-definition>
                        <display xml:lang="x-default">Female</display>
                        <value>2</value>
                    </value-definition>
                </value-definitions>
            </attribute-definition>
            <attribute-definition attribute-id="jobTitle">
                <min-length>0</min-length>
            </attribute-definition>
            <attribute-definition attribute-id="lastLoginTime"/>
            <attribute-definition attribute-id="lastModified"/>
            <attribute-definition attribute-id="lastName">
                <min-length>0</min-length>
                <field-length>25</field-length>
            </attribute-definition>
            <attribute-definition attribute-id="lastVisitTime"/>
            <attribute-definition attribute-id="nextBirthday"/>
            <attribute-definition attribute-id="phoneBusiness">
                <min-length>0</min-length>
                <field-length>32</field-length>
            </attribute-definition>
            <attribute-definition attribute-id="phoneHome">
                <min-length>0</min-length>
                <field-length>32</field-length>
            </attribute-definition>
            <attribute-definition attribute-id="phoneMobile">
                <min-length>0</min-length>
                <field-length>32</field-length>
            </attribute-definition>
            <attribute-definition attribute-id="preferredLocale">
                <min-length>0</min-length>
            </attribute-definition>
            <attribute-definition attribute-id="salutation">
                <min-length>0</min-length>
                <field-length>5</field-length>
            </attribute-definition>
            <attribute-definition attribute-id="secondName">
                <min-length>0</min-length>
                <field-length>25</field-length>
            </attribute-definition>
            <attribute-definition attribute-id="suffix">
                <min-length>0</min-length>
                <field-length>5</field-length>
            </attribute-definition>
            <attribute-definition attribute-id="taxID">
                <min-length>0</min-length>
            </attribute-definition>
            <attribute-definition attribute-id="taxIDType">
                <value-definitions>
                    <value-definition default="true">
                        <display xml:lang="x-default">Arbitrary</display>
                        <value>Arbitrary</value>
                    </value-definition>
                    <value-definition>
                        <display xml:lang="x-default">CPF</display>
                        <value>CPF</value>
                    </value-definition>
                </value-definitions>
            </attribute-definition>
            <attribute-definition attribute-id="title">
                <min-length>0</min-length>
                <field-length>10</field-length>
            </attribute-definition>
        </system-attribute-definitions>
        <custom-attribute-definitions>
            <attribute-definition attribute-id="billingAgreementID">
                <display-name xml:lang="x-default">PayPal Billing Agreement ID</display-name>
                <description xml:lang="x-default">The Billing Agreement ID of the customer in PayPal</description>
                <type>string</type>
                <mandatory-flag>false</mandatory-flag>
                <externally-managed-flag>false</externally-managed-flag>
                <min-length>0</min-length>
            </attribute-definition>
            <attribute-definition attribute-id="savedCCRateCount">
                <display-name xml:lang="x-default">savedCCRateCount</display-name>
                <type>int</type>
                <mandatory-flag>false</mandatory-flag>
                <externally-managed-flag>false</externally-managed-flag>
            </attribute-definition>
            <attribute-definition attribute-id="savedCCRateLookBack">
                <display-name xml:lang="x-default">savedCCRateLookBack</display-name>
                <type>date</type>
                <mandatory-flag>false</mandatory-flag>
                <externally-managed-flag>false</externally-managed-flag>
            </attribute-definition>
        </custom-attribute-definitions>
        <group-definitions>
            <attribute-group group-id="Standard">
                <display-name xml:lang="x-default">Profile Attributes</display-name>
                <attribute attribute-id="salutation" system="true"/>
                <attribute attribute-id="title" system="true"/>
                <attribute attribute-id="companyName" system="true"/>
                <attribute attribute-id="jobTitle" system="true"/>
                <attribute attribute-id="firstName" system="true"/>
                <attribute attribute-id="lastName" system="true"/>
                <attribute attribute-id="suffix" system="true"/>
                <attribute attribute-id="gender" system="true"/>
                <attribute attribute-id="birthday" system="true"/>
                <attribute attribute-id="secondName" system="true"/>
                <attribute attribute-id="email" system="true"/>
                <attribute attribute-id="nextBirthday" system="true"/>
                <attribute attribute-id="billingAgreementID"/>
                <attribute attribute-id="savedCCRateCount"/>
                <attribute attribute-id="savedCCRateLookBack"/>
            </attribute-group>
            <attribute-group group-id="Phone">
                <display-name xml:lang="x-default">Phone Numbers</display-name>
                <attribute attribute-id="phoneHome" system="true"/>
                <attribute attribute-id="phoneBusiness" system="true"/>
                <attribute attribute-id="phoneMobile" system="true"/>
                <attribute attribute-id="fax" system="true"/>
            </attribute-group>
        </group-definitions>
    </type-extension>
    <type-extension type-id="ShippingMethod">
        <system-attribute-definitions>
            <attribute-definition attribute-id="ID">
                <min-length>0</min-length>
            </attribute-definition>
            <attribute-definition attribute-id="UUID">
                <min-length>0</min-length>
                <field-length>28</field-length>
            </attribute-definition>
            <attribute-definition attribute-id="creationDate"/>
            <attribute-definition attribute-id="description">
                <min-length>0</min-length>
            </attribute-definition>
            <attribute-definition attribute-id="displayName">
                <min-length>0</min-length>
            </attribute-definition>
            <attribute-definition attribute-id="lastModified"/>
            <attribute-definition attribute-id="taxClassID">
                <min-length>0</min-length>
            </attribute-definition>
        </system-attribute-definitions>
        <custom-attribute-definitions>
            <attribute-definition attribute-id="CybersouceShippingID">
                <display-name xml:lang="x-default">Cybersouce Shipping ID</display-name>
                <type>enum-of-string</type>
                <localizable-flag>false</localizable-flag>
                <mandatory-flag>false</mandatory-flag>
                <externally-managed-flag>false</externally-managed-flag>
                <value-definitions>
                    <value-definition>
                        <display xml:lang="x-default">sameday</display>
                        <value>sameday</value>
                    </value-definition>
                    <value-definition>
                        <display xml:lang="x-default">oneday</display>
                        <value>oneday</value>
                    </value-definition>
                    <value-definition>
                        <display xml:lang="x-default">twoday</display>
                        <value>twoday</value>
                    </value-definition>
                    <value-definition>
                        <display xml:lang="x-default">threeday</display>
                        <value>threeday</value>
                    </value-definition>
                    <value-definition>
                        <display xml:lang="x-default">lowcost</display>
                        <value>lowcost</value>
                    </value-definition>
                    <value-definition>
                        <display xml:lang="x-default">pickup</display>
                        <value>pickup</value>
                    </value-definition>
                    <value-definition default="true">
                        <display xml:lang="x-default">other</display>
                        <value>other</value>
                    </value-definition>
                    <value-definition>
                        <display xml:lang="x-default">none</display>
                        <value>none</value>
                    </value-definition>
                </value-definitions>
            </attribute-definition>
            <attribute-definition attribute-id="storePickupEnabled">
                <display-name xml:lang="x-default">Store Pickup Enabled</display-name>
                <type>boolean</type>
                <mandatory-flag>true</mandatory-flag>
                <externally-managed-flag>false</externally-managed-flag>
            </attribute-definition>
        </custom-attribute-definitions>
        <group-definitions>
            <attribute-group group-id="storePickUp">
                <display-name xml:lang="x-default">Store Pick Up</display-name>
                <attribute attribute-id="storePickupEnabled"/>
            </attribute-group>
            <attribute-group group-id="CybersouceShippingId">
                <display-name xml:lang="x-default">Cybersouce Shipping ID</display-name>
                <attribute attribute-id="CybersouceShippingID"/>
            </attribute-group>
        </group-definitions>
    </type-extension>
    <type-extension type-id="SitePreferences">
        <custom-attribute-definitions> 
            <attribute-definition attribute-id="customerServiceEmail">
                <display-name xml:lang="x-default">Customer Service Email</display-name>
                <type>string</type>
                <mandatory-flag>false</mandatory-flag>
                <externally-managed-flag>false</externally-managed-flag>
                <min-length>0</min-length>
                <field-length>0</field-length>
                <default-value>noreply@salesforce.com</default-value>
            </attribute-definition>
            <attribute-definition attribute-id="GoogleVerificationTag">
                <display-name xml:lang="x-default">GoogleVerificationTag - Content Attribute</display-name>
                <type>string</type>
                <mandatory-flag>false</mandatory-flag>
                <externally-managed-flag>false</externally-managed-flag>
                <min-length>0</min-length>
            </attribute-definition>
            <attribute-definition attribute-id="CsPaypalHdrbackcolor">
                <display-name xml:lang="x-default">Paypal Header background color</display-name>
                <description xml:lang="x-default">Set the background color of header in paypal.</description>
                <type>string</type>
                <mandatory-flag>false</mandatory-flag>
                <externally-managed-flag>false</externally-managed-flag>
                <min-length>0</min-length>
            </attribute-definition>
            <attribute-definition attribute-id="CsPaypalHdrbordercolor">
                <display-name xml:lang="x-default">Paypal Header border color</display-name>
                <description xml:lang="x-default">Set the header Border Color</description>
                <type>string</type>
                <mandatory-flag>false</mandatory-flag>
                <externally-managed-flag>false</externally-managed-flag>
                <min-length>0</min-length>
            </attribute-definition>
            <attribute-definition attribute-id="CsPaypalHdrimg">
                <display-name xml:lang="x-default">Paypal Header Image</display-name>
                <description xml:lang="x-default">Set the paypal Header Image</description>
                <type>string</type>
                <mandatory-flag>false</mandatory-flag>
                <externally-managed-flag>false</externally-managed-flag>
                <min-length>0</min-length>
            </attribute-definition>
            <attribute-definition attribute-id="CsPaypalLc">
                <display-name xml:lang="x-default">paypal locale</display-name>
                <description xml:lang="x-default">Set the paypal Locale</description>
                <type>string</type>
                <mandatory-flag>false</mandatory-flag>
                <externally-managed-flag>false</externally-managed-flag>
                <min-length>0</min-length>
            </attribute-definition>
            <attribute-definition attribute-id="CsPaypalLogoimg">
                <display-name xml:lang="x-default">Paypal Logo Image</display-name>
                <description xml:lang="x-default">Set the logo Image</description>
                <type>string</type>
                <mandatory-flag>false</mandatory-flag>
                <externally-managed-flag>false</externally-managed-flag>
                <min-length>0</min-length>
            </attribute-definition>
            <attribute-definition attribute-id="CsPaypalNoshipping">
                <display-name xml:lang="x-default">Paypal No Shipping</display-name>
                <description xml:lang="x-default">if this set to true , buyer's shipping address will be suppress on Express Checkout pages in paypal.</description>
                <type>boolean</type>
                <mandatory-flag>false</mandatory-flag>
                <externally-managed-flag>false</externally-managed-flag>
            </attribute-definition>
            <attribute-definition attribute-id="CsPaypalPagestyle">
                <display-name xml:lang="x-default">Paypal page style</display-name>
                <description xml:lang="x-default">Set the paypal page Style</description>
                <type>string</type>
                <mandatory-flag>false</mandatory-flag>
                <externally-managed-flag>false</externally-managed-flag>
                <min-length>0</min-length>
            </attribute-definition>
            <attribute-definition attribute-id="CsPaypalPayflowcolor">
                <display-name xml:lang="x-default">Paypal flow Color</display-name>
                <type>string</type>
                <mandatory-flag>false</mandatory-flag>
                <externally-managed-flag>false</externally-managed-flag>
                <min-length>0</min-length>
            </attribute-definition>
            <attribute-definition attribute-id="CsPaypalPaymentOption">
                <display-name xml:lang="x-default">Paypal Payment option</display-name>
                <description xml:lang="x-default">This allows merchant to select payment option authorize or authorize + capture for Cybersource paypal payment methods</description>
                <type>enum-of-string</type>
                <mandatory-flag>false</mandatory-flag>
                <externally-managed-flag>false</externally-managed-flag>
                <value-definitions>
                    <value-definition default="true">
                        <display xml:lang="x-default">Authorize</display>
                        <value>Authorize</value>
                    </value-definition>
                    <value-definition>
                        <display xml:lang="x-default">Authorize and Capture</display>
                        <value>AuthorizeAndCapture</value>
                    </value-definition>
                </value-definitions>
            </attribute-definition>
            <attribute-definition attribute-id="CsPaypalReqconfirmshipping">
                <display-name xml:lang="x-default">Request Confirm Shipping</display-name>
                <description xml:lang="x-default">If this set to true, value of paypalReqconfirmshipping in Set Request will be set as 1 for confirm address in Paypal</description>
                <type>boolean</type>
                <mandatory-flag>false</mandatory-flag>
                <externally-managed-flag>false</externally-managed-flag>
            </attribute-definition>
            <attribute-definition attribute-id="CsRequestBillingAddress">
                <display-name xml:lang="x-default">Request Billing address</display-name>
                <description xml:lang="x-default">If this set to true, value of requestBillingAddress will set as 1 for requesting billing address from paypal.</description>
                <type>boolean</type>
                <mandatory-flag>false</mandatory-flag>
                <externally-managed-flag>false</externally-managed-flag>
            </attribute-definition>
            <attribute-definition attribute-id="apPaymentType">
                <display-name xml:lang="x-default">Alipay Payment Type</display-name>
                <description xml:lang="x-default">Alipay Payment Type for Domestic as well as International Payment</description>
                <type>enum-of-string</type>
                <mandatory-flag>false</mandatory-flag>
                <externally-managed-flag>false</externally-managed-flag>
                <value-definitions>
                    <value-definition default="true">
                        <display xml:lang="x-default">Domestic</display>
                        <value>APD</value>
                    </value-definition>
                    <value-definition>
                        <display xml:lang="x-default">International</display>
                        <value>APY</value>
                    </value-definition>
                </value-definitions>
            </attribute-definition>
        </custom-attribute-definitions>
        <group-definitions>
            <attribute-group group-id="Storefront Configs">
                <display-name xml:lang="x-default">Storefront Configurations</display-name>
                <attribute attribute-id="GoogleVerificationTag"/>
                <attribute attribute-id="customerServiceEmail"/>
            </attribute-group>
        </group-definitions>
    </type-extension>
</metadata>
