<?xml version="1.0" encoding="UTF-8"?>

<payment-processors xmlns="http://www.demandware.com/xml/impex/paymentprocessor/2007-03-31">

    <payment-processor processor-id="KLARNA_CREDIT">
        <description>'Klarna' processing services through Cybersource interface.</description>
    </payment-processor>

    <payment-processor processor-id="CYBERSOURCE_ALIPAY">
        <description>'Alipay' processing services through Cybersource interface.</description>
    </payment-processor>

    <payment-processor processor-id="BANK_TRANSFER">
        <description>'Bank transfer' processing services through Cybersource interface.</description>
    </payment-processor>

    <payment-processor processor-id="CYBERSOURCE_WECHAT">
        <description>'Wechat' processing services through Cybersource interface.</description>
    </payment-processor>


</payment-processors>