<?xml version="1.0" encoding="UTF-8"?>
<metadata xmlns="http://www.demandware.com/xml/impex/metadata/2006-10-31">
    <type-extension type-id="SitePreferences">
        <custom-attribute-definitions>
            <attribute-definition attribute-id="IsCartridgeEnabled">
                <display-name xml:lang="x-default">Enable Cybersource Cartridge</display-name>
                <type>boolean</type>
                <mandatory-flag>false</mandatory-flag>
                <externally-managed-flag>false</externally-managed-flag>
                <default-value>true</default-value>
            </attribute-definition>
            <attribute-definition attribute-id="CsMerchantId">
                <display-name xml:lang="x-default">CyberSource Merchant ID</display-name>
                <type>string</type>
                <mandatory-flag>true</mandatory-flag>
                <externally-managed-flag>false</externally-managed-flag>
                <min-length>0</min-length>
                <field-length>0</field-length>
                <field-height>0</field-height>
            </attribute-definition>
            <attribute-definition attribute-id="CsAuth_Alias">
                <display-name xml:lang="x-default">Alias of the private key for Authentication</display-name>
                <description xml:lang="x-default">Alias of the private key in Private Keys and Certificates for Authentication</description>
                <type>string</type>
                <mandatory-flag>true</mandatory-flag>
                <externally-managed-flag>false</externally-managed-flag>
                <min-length>0</min-length>
            </attribute-definition>
            <attribute-definition attribute-id="CsEndpoint">
                <display-name xml:lang="x-default">CyberSource Endpoint</display-name>
                <type>enum-of-string</type>
                <mandatory-flag>false</mandatory-flag>
                <externally-managed-flag>false</externally-managed-flag>
                <value-definitions>
                    <value-definition>
                        <display xml:lang="x-default">Production</display>
                        <value>Production</value>
                    </value-definition>
                    <value-definition default="true">
                        <display xml:lang="x-default">Test</display>
                        <value>Test</value>
                    </value-definition>
                </value-definitions>
            </attribute-definition>
            <attribute-definition attribute-id="CsDeveloperID">
                <display-name xml:lang="x-default">CyberSource Developer ID</display-name>
                <type>string</type>
                <mandatory-flag>false</mandatory-flag>
                <externally-managed-flag>false</externally-managed-flag>
                <min-length>0</min-length>
                <field-length>8</field-length>
            </attribute-definition>
            <attribute-definition attribute-id="CsDebugCybersource">
                <display-name xml:lang="x-default">CyberSource Disable Debug logging</display-name>
                <description xml:lang="x-default">Some trace information will be stored in the impex folder on the server with the order ID as the name.</description>
                <type>boolean</type>
                <mandatory-flag>false</mandatory-flag>
                <externally-managed-flag>false</externally-managed-flag>
                <default-value>false</default-value>
            </attribute-definition>
            <attribute-definition attribute-id="csMasterCardAuthIndicator">
                <display-name xml:lang="x-default">CyberSource Master Card Auth Indicator</display-name>
                <description xml:lang="x-default">Preauthorization:  0 passed in request. Final authorization:  1 passed in request.  Undefined authorization: omit authIndicator field from the request message</description>
                <type>enum-of-string</type>
                <mandatory-flag>false</mandatory-flag>
                <externally-managed-flag>false</externally-managed-flag>
                <value-definitions>
                    <value-definition>
                        <display xml:lang="x-default">Preauthorization</display>
                        <value>0</value>
                    </value-definition>
                    <value-definition>
                        <display xml:lang="x-default">Final authorization</display>
                        <value>1</value>
                    </value-definition>
                    <value-definition default="true">
                        <display xml:lang="x-default">Undefined authorization</display>
                        <value>NONE</value>
                    </value-definition>
                </value-definitions>
            </attribute-definition>
            <attribute-definition attribute-id="CsMLE_Enabled">
                <display-name xml:lang="x-default">Enable Message-Level Encryption</display-name>
                <description xml:lang="x-default">Enable or Disable Message-Level Encryption</description>
                <type>boolean</type>
                <mandatory-flag>false</mandatory-flag>
                <externally-managed-flag>false</externally-managed-flag>
                <default-value>false</default-value>
            </attribute-definition>
            <attribute-definition attribute-id="CsMLE_Alias">
                <display-name xml:lang="x-default">Alias of the certificate for MLE</display-name>
                <description xml:lang="x-default">Alias of the certificate in Private Keys and Certificates for MLE</description>
                <type>string</type>
                <mandatory-flag>false</mandatory-flag>
                <externally-managed-flag>false</externally-managed-flag>
                <min-length>0</min-length>
            </attribute-definition>
        </custom-attribute-definitions>
        <group-definitions>
            <attribute-group group-id="CyberSource">
                <display-name xml:lang="x-default">CyberSource: Core</display-name>
                <attribute attribute-id="IsCartridgeEnabled"/>
                <attribute attribute-id="CsMerchantId"/>
                <attribute attribute-id="CsEndpoint"/>
                <attribute attribute-id="CsDeveloperID"/>
                <attribute attribute-id="CsDebugCybersource"/>
                <attribute attribute-id="csMasterCardAuthIndicator"/>
                <attribute attribute-id="CsAuth_Alias"/>
                <attribute attribute-id="CsMLE_Enabled"/>
                <attribute attribute-id="CsMLE_Alias"/>
            </attribute-group>
        </group-definitions>
    </type-extension>
    </metadata>