<?xml version="1.0" encoding="UTF-8"?>
<metadata xmlns="http://www.demandware.com/xml/impex/metadata/2006-10-31">
    <type-extension type-id="SitePreferences">
        <custom-attribute-definitions>
            <attribute-definition attribute-id="CsDavEnable">
                <display-name xml:lang="x-default">CS DAV Delivery Address Verification Enabled</display-name>
                <description xml:lang="x-default">This will enable Delivery Address Verification.</description>
                <type>enum-of-string</type>
                <mandatory-flag>false</mandatory-flag>
                <externally-managed-flag>false</externally-managed-flag>
                <value-definitions>
                    <value-definition default="true">
                        <display xml:lang="x-default">YES</display>
                        <value>YES</value>
                    </value-definition>
                    <value-definition>
                        <display xml:lang="x-default">NO</display>
                        <value>NO</value>
                    </value-definition>
                </value-definitions>
            </attribute-definition>
            <attribute-definition attribute-id="CsDavOnAddressVerificationFailure">
                <display-name xml:lang="x-default">CS DAV On Failure</display-name>
                <description xml:lang="x-default">Allow customers to use an address that could not be matched with a valid address.</description>
                <type>enum-of-string</type>
                <mandatory-flag>false</mandatory-flag>
                <externally-managed-flag>false</externally-managed-flag>
                <value-definitions>
                    <value-definition default="true">
                        <display xml:lang="x-default">DECLINE</display>
                        <value>DECLINE</value>
                    </value-definition>
                    <value-definition>
                        <display xml:lang="x-default">APPROVE</display>
                        <value>APPROVE</value>
                    </value-definition>
                </value-definitions>
            </attribute-definition>
            <attribute-definition attribute-id="CsAvsIgnoreResult">
                <display-name xml:lang="x-default">CS AVS Ignore AVS Result</display-name>
                <type>boolean</type>
                <mandatory-flag>false</mandatory-flag>
                <externally-managed-flag>false</externally-managed-flag>
                <default-value>false</default-value>
            </attribute-definition>
            <attribute-definition attribute-id="CsAvsDeclineFlags">
                <display-name xml:lang="x-default">CS AVS Decline Flags</display-name>
                <type>string</type>
                <mandatory-flag>false</mandatory-flag>
                <externally-managed-flag>false</externally-managed-flag>
                <min-length>0</min-length>
            </attribute-definition>
            <attribute-definition attribute-id="CsCorrectShipState">
                <display-name xml:lang="x-default">CyberSource correct shipping state</display-name>
                <type>boolean</type>
                <mandatory-flag>false</mandatory-flag>
                <externally-managed-flag>false</externally-managed-flag>
                <default-value>false</default-value>
            </attribute-definition>
        </custom-attribute-definitions>
        <group-definitions>
            <attribute-group group-id="CyberSource_DeliveryAddressVerification">
                <display-name xml:lang="x-default">Cybersource: Delivery Address Verification Configuration</display-name>
                <attribute attribute-id="CsDavEnable"/>
                <attribute attribute-id="CsDavOnAddressVerificationFailure"/>
                <attribute attribute-id="CsAvsIgnoreResult"/>
                <attribute attribute-id="CsAvsDeclineFlags"/>
                <attribute attribute-id="CsCorrectShipState"/>
            </attribute-group>
        </group-definitions>
    </type-extension>
    </metadata>