<?xml version="1.0" encoding="UTF-8"?>
<metadata xmlns="http://www.demandware.com/xml/impex/metadata/2006-10-31">
    <type-extension type-id="SitePreferences">
        <custom-attribute-definitions>
            <attribute-definition attribute-id="CsTokenizationEnable">
                <display-name xml:lang="x-default">CS Credit Card Tokenization Enabled</display-name>
                <description xml:lang="x-default">Enable Payment Tokenization on saved credit cards.</description>
                <type>enum-of-string</type>
                <mandatory-flag>false</mandatory-flag>
                <externally-managed-flag>false</externally-managed-flag>
                <value-definitions>
                    <value-definition default="true">
                        <display xml:lang="x-default">YES</display>
                        <value>YES</value>
                    </value-definition>
                    <value-definition>
                        <display xml:lang="x-default">NO</display>
                        <value>NO</value>
                    </value-definition>
                </value-definitions>
            </attribute-definition>
            <attribute-definition attribute-id="CsSubscriptionTokenizationEnable">
                <display-name xml:lang="x-default">CS Subscription Tokens Enabled</display-name>
                <description xml:lang="x-default">Enable the request of a subscription token on credit card authorizations.</description>
                <type>enum-of-string</type>
                <mandatory-flag>false</mandatory-flag>
                <externally-managed-flag>false</externally-managed-flag>
                <value-definitions>
                    <value-definition default="true">
                        <display xml:lang="x-default">YES</display>
                        <value>YES</value>
                    </value-definition>
                    <value-definition>
                        <display xml:lang="x-default">NO</display>
                        <value>NO</value>
                    </value-definition>
                </value-definitions>
            </attribute-definition>
            <attribute-definition attribute-id="LimitSavedCardRate">
                <display-name xml:lang="x-default">LimitSavedCardRate</display-name>
                <description xml:lang="x-default">Limit number of credit card save attempts</description>
                <type>boolean</type>
                <mandatory-flag>false</mandatory-flag>
                <externally-managed-flag>false</externally-managed-flag>
            </attribute-definition>
            <attribute-definition attribute-id="SavedCardLimitFrame">
                <display-name xml:lang="x-default">SavedCardLimitFrame</display-name>
                <description xml:lang="x-default">Limit of card count in certain time period</description>
                <type>int</type>
                <mandatory-flag>false</mandatory-flag>
                <externally-managed-flag>false</externally-managed-flag>
                <default-value>20</default-value>
            </attribute-definition>
            <attribute-definition attribute-id="SavedCardLimitTimeFrame">
                <display-name xml:lang="x-default">SavedCardLimitTimeFrame</display-name>
                <description xml:lang="x-default">Number of hours that saved credit card attempts are counted</description>
                <type>int</type>
                <mandatory-flag>false</mandatory-flag>
                <externally-managed-flag>false</externally-managed-flag>
                <default-value>1</default-value>
            </attribute-definition>
        </custom-attribute-definitions>
        <group-definitions>
            <attribute-group group-id="CyberSource_Tokenization">
                <display-name xml:lang="x-default">Cybersource: Tokenization Configuration</display-name>
                <attribute attribute-id="CsTokenizationEnable"/>
                <attribute attribute-id="CsSubscriptionTokenizationEnable"/>
                <attribute attribute-id="LimitSavedCardRate"/>
                <attribute attribute-id="SavedCardLimitTimeFrame"/>
                <attribute attribute-id="SavedCardLimitFrame"/>
            </attribute-group>
        </group-definitions>
    </type-extension>
    </metadata>