<?xml version="1.0" encoding="UTF-8"?>
<metadata xmlns="http://www.demandware.com/xml/impex/metadata/2006-10-31">
    <type-extension type-id="SitePreferences">
        <custom-attribute-definitions>
            <attribute-definition attribute-id="CsEnableTaxation">
                <display-name xml:lang="x-default">CS Tax Calculation Enabled</display-name>
                <type>boolean</type>
                <mandatory-flag>false</mandatory-flag>
                <externally-managed-flag>false</externally-managed-flag>
                <default-value>false</default-value>
            </attribute-definition>
            <attribute-definition attribute-id="CsNexus">
                <display-name xml:lang="x-default">CS Tax Calculation Nexus States List</display-name>
                <type>set-of-string</type>
                <mandatory-flag>false</mandatory-flag>
                <externally-managed-flag>false</externally-managed-flag>
            </attribute-definition>
            <attribute-definition attribute-id="CsNoNexus">
                <display-name xml:lang="x-default">CS Tax Calculation No Nexus States List</display-name>
                <type>set-of-string</type>
                <mandatory-flag>false</mandatory-flag>
                <externally-managed-flag>false</externally-managed-flag>
            </attribute-definition>
            <attribute-definition attribute-id="CsDefaultProductTaxCode">
                <display-name xml:lang="x-default">CS Tax Calculation Default Product Tax Code</display-name>
                <description xml:lang="x-default">Fallback tax code used when one is not assigned to a product.</description>
                <type>string</type>
                <mandatory-flag>false</mandatory-flag>
                <externally-managed-flag>false</externally-managed-flag>
                <min-length>0</min-length>
                <default-value>5310</default-value>
            </attribute-definition>
            <attribute-definition attribute-id="CsPoaCity">
                <display-name xml:lang="x-default">CS Tax Calculation Purchase Order Acceptance City</display-name>
                <type>string</type>
                <mandatory-flag>false</mandatory-flag>
                <externally-managed-flag>false</externally-managed-flag>
                <min-length>0</min-length>
                <field-length>0</field-length>
                <field-height>0</field-height>
                <default-value>Lyndhurst</default-value>
            </attribute-definition>
            <attribute-definition attribute-id="CsPoaCountryCode">
                <display-name xml:lang="x-default">CS Tax Calculation Purchase Order Acceptance Country Code</display-name>
                <type>string</type>
                <mandatory-flag>false</mandatory-flag>
                <externally-managed-flag>false</externally-managed-flag>
                <min-length>0</min-length>
                <field-length>0</field-length>
                <field-height>0</field-height>
                <default-value>US</default-value>
            </attribute-definition>
            <attribute-definition attribute-id="CsPoaStateCode">
                <display-name xml:lang="x-default">CS Tax Calculation Purchase Order Acceptance State Code</display-name>
                <type>string</type>
                <mandatory-flag>false</mandatory-flag>
                <externally-managed-flag>false</externally-managed-flag>
                <min-length>0</min-length>
                <field-length>0</field-length>
                <field-height>0</field-height>
                <default-value>NJ</default-value>
            </attribute-definition>
            <attribute-definition attribute-id="CsPoaZipCode">
                <display-name xml:lang="x-default">CS Tax Calculation Purchase Order Acceptance Zip Code</display-name>
                <type>string</type>
                <mandatory-flag>false</mandatory-flag>
                <externally-managed-flag>false</externally-managed-flag>
                <min-length>0</min-length>
                <default-value>07071</default-value>
            </attribute-definition>
            <attribute-definition attribute-id="CsPooCity">
                <display-name xml:lang="x-default">CS Tax Calculation Purchase Order Origin City</display-name>
                <type>string</type>
                <mandatory-flag>false</mandatory-flag>
                <externally-managed-flag>false</externally-managed-flag>
                <min-length>0</min-length>
                <field-length>0</field-length>
                <field-height>0</field-height>
                <default-value>Lyndhurst</default-value>
            </attribute-definition>
            <attribute-definition attribute-id="CsPooCountryCode">
                <display-name xml:lang="x-default">CS Tax Calculation Purchase Order Origin Country Code</display-name>
                <type>string</type>
                <mandatory-flag>false</mandatory-flag>
                <externally-managed-flag>false</externally-managed-flag>
                <min-length>0</min-length>
                <field-length>0</field-length>
                <field-height>0</field-height>
                <default-value>US</default-value>
            </attribute-definition>
            <attribute-definition attribute-id="CsPooStateCode">
                <display-name xml:lang="x-default">CS Tax Calculation Purchase Order Origin StateCode</display-name>
                <type>string</type>
                <mandatory-flag>false</mandatory-flag>
                <externally-managed-flag>false</externally-managed-flag>
                <min-length>0</min-length>
                <field-length>0</field-length>
                <field-height>0</field-height>
                <default-value>NJ</default-value>
            </attribute-definition>
            <attribute-definition attribute-id="CsPooZipCode">
                <display-name xml:lang="x-default">CS Tax Calculation Purchase Order Origin ZipCode</display-name>
                <type>string</type>
                <mandatory-flag>false</mandatory-flag>
                <externally-managed-flag>false</externally-managed-flag>
                <min-length>0</min-length>
                <field-length>0</field-length>
                <field-height>0</field-height>
                <default-value>07071</default-value>
            </attribute-definition>
            <attribute-definition attribute-id="CsShipFromCity">
                <display-name xml:lang="x-default">CS Tax Calculation ShipFrom City</display-name>
                <type>string</type>
                <mandatory-flag>false</mandatory-flag>
                <externally-managed-flag>false</externally-managed-flag>
                <min-length>0</min-length>
                <field-length>0</field-length>
                <field-height>0</field-height>
                <default-value>Lyndhurst</default-value>
            </attribute-definition>
            <attribute-definition attribute-id="CsShipFromCountryCode">
                <display-name xml:lang="x-default">CS Tax Calculation ShipFrom Country Code</display-name>
                <type>string</type>
                <mandatory-flag>false</mandatory-flag>
                <externally-managed-flag>false</externally-managed-flag>
                <min-length>0</min-length>
                <field-length>0</field-length>
                <field-height>0</field-height>
                <default-value>US</default-value>
            </attribute-definition>
            <attribute-definition attribute-id="CsShipFromStateCode">
                <display-name xml:lang="x-default">CS Tax Calculation ShipFrom StateCode</display-name>
                <type>string</type>
                <mandatory-flag>false</mandatory-flag>
                <externally-managed-flag>false</externally-managed-flag>
                <min-length>0</min-length>
                <field-length>0</field-length>
                <field-height>0</field-height>
                <default-value>NJ</default-value>
            </attribute-definition>
            <attribute-definition attribute-id="CsShipFromZipCode">
                <display-name xml:lang="x-default">CS Tax Calculation ShipFrom ZipCode</display-name>
                <type>string</type>
                <mandatory-flag>false</mandatory-flag>
                <externally-managed-flag>false</externally-managed-flag>
                <min-length>0</min-length>
                <field-length>0</field-length>
                <field-height>0</field-height>
                <default-value>07071</default-value>
            </attribute-definition>
        </custom-attribute-definitions>
        <group-definitions>
            <attribute-group group-id="CyberSource_TaxConfiguration">
                <display-name xml:lang="x-default">Cybersource: Tax Configuration</display-name>
                <attribute attribute-id="CsEnableTaxation"/>
                <attribute attribute-id="CsNexus"/>
                <attribute attribute-id="CsNoNexus"/>
                <attribute attribute-id="CsDefaultProductTaxCode"/>
                <attribute attribute-id="CsPoaCity"/>
                <attribute attribute-id="CsPoaStateCode"/>
                <attribute attribute-id="CsPoaZipCode"/>
                <attribute attribute-id="CsPoaCountryCode"/>
                <attribute attribute-id="CsPooCity"/>
                <attribute attribute-id="CsPooStateCode"/>
                <attribute attribute-id="CsPooZipCode"/>
                <attribute attribute-id="CsPooCountryCode"/>
                <attribute attribute-id="CsShipFromCity"/>
                <attribute attribute-id="CsShipFromStateCode"/>
                <attribute attribute-id="CsShipFromZipCode"/>
                <attribute attribute-id="CsShipFromCountryCode"/>
            </attribute-group>
        </group-definitions>
    </type-extension>
    </metadata>